0	-0.15322	-1.75646
0	1.47240	-1.35703
0	-1.40355	-1.44449
0	-0.46961	-1.70192
0	-0.56410	-1.68588
0	-1.38293	-1.33596
0	1.72829	-0.52133
0	1.44516	-1.41620
0	1.42843	-1.24509
0	1.52415	-1.44881
0	-1.09762	-1.48839
0	1.68751	-1.50951
0	-1.39276	-1.39165
0	1.45790	-1.43299
0	1.87097	-0.01614
0	-1.33330	-1.38667
0	1.42888	-1.34049
0	2.05488	0.01180
0	-1.38442	-1.33472
0	-1.37179	-1.40241
0	1.95307	0.02087
0	1.58172	-1.49210
0	0.01280	-1.71637
0	-1.35951	-1.37833
0	1.96230	0.02232
0	-1.34223	-1.40182
0	-1.42875	-1.39499
0	1.89350	0.00441
0	-1.12173	-1.45301
0	1.96303	0.00546
0	2.00441	0.01478
0	-1.39346	-1.42033
0	1.57473	-1.52487
0	1.21753	-1.60592
0	2.11952	0.04052
0	-0.95609	-1.48316
0	0.75527	-1.59073
0	-1.34812	-1.32314
0	2.19708	0.07235
0	2.04097	0.01040
0	0.87954	-1.58418
0	2.08926	0.05467
0	1.68702	-0.65967
0	1.51266	-1.11105
0	1.21566	-1.53864
0	1.64407	-0.49175
0	1.94997	0.01943
0	1.41058	-1.41478
0	1.95470	-0.01071
0	1.59379	-0.78421
0	2.03506	0.01117
0	-1.35895	-1.37760
0	1.73182	-0.44730
0	-0.57170	-1.68839
0	0.83433	-1.58103
0	1.97114	-0.03934
0	0.89026	-1.59786
0	-0.24177	-1.78513
0	1.47745	-1.23177
0	-1.35081	-1.39172
0	-1.38661	-1.36722
0	-1.34320	-1.41152
0	1.47570	-1.44596
0	2.14339	0.07414
0	1.49845	-1.42553
0	1.59199	-0.72937
0	1.70148	-0.35567
0	-0.54576	-1.71619
0	-1.36837	-1.35677
0	-1.38338	-1.40458
0	2.12001	0.07154
0	-1.37132	-1.38955
0	-1.34886	-1.35535
0	-0.05067	-1.71159
0	1.88073	-0.04059
0	-0.61802	-1.66444
0	-1.36194	-1.38172
0	-1.45836	-1.42345
0	1.37867	-1.36111
0	1.49952	-1.39453
0	1.49376	-1.36066
0	1.56267	-1.42731
0	1.48197	-1.41580
0	0.59784	-1.55789
0	2.03094	0.04028
0	1.85867	-0.05210
0	-0.79199	-1.58763
0	2.03630	0.02062
0	0.49292	-1.63624
0	1.84564	-0.32635
0	-1.34184	-1.34999
0	-1.38379	-1.36869
0	1.57553	-1.51906
0	1.95229	-0.10175
0	1.93657	-0.06722
0	2.15600	0.05857
0	2.05477	0.00532
0	0.22886	-1.63350
0	2.03864	-0.00261
0	-1.33841	-1.43369
0	1.47684	-1.45798
0	2.13582	0.00771
0	1.75748	-0.54281
0	2.00784	0.00640
0	-1.42902	-1.40788
0	2.05849	0.04796
0	-1.33658	-1.41028
0	-1.09135	-1.46292
0	-1.33496	-1.39119
0	1.75332	-0.68048
0	2.09440	0.06073
0	-1.39453	-1.36238
0	1.95138	0.00228
0	1.70311	-0.72940
0	2.09596	0.00409
0	1.46889	-1.43752
0	1.40737	-1.35278
0	-0.44572	-1.65434
0	1.96225	0.07569
0	1.75920	-0.40697
0	2.06247	0.01880
0	1.48022	-1.44730
0	-1.34567	-1.34000
0	2.01423	0.03999
0	1.70652	-0.68112
0	0.96979	-1.55049
0	0.88561	-1.58766
0	1.97115	0.01532
0	-0.61694	-1.65302
0	1.45054	-1.42719
0	-1.35107	-1.38671
0	1.54434	-1.44664
0	1.18758	-1.66211
0	1.15780	-1.54054
0	0.98997	-1.55803
0	-1.36424	-1.44234
0	-0.13658	-1.71936
0	1.53696	-0.85280
0	1.91024	0.01324
0	1.72130	-0.59147
0	2.12270	0.04897
0	-1.35787	-1.42665
0	-1.36352	-1.42181
0	1.49114	-0.96690
0	-1.39841	-1.34719
0	1.51423	-1.43285
0	-1.39342	-1.37347
0	1.37834	-1.43722
0	2.14172	0.04520
0	2.16211	0.03544
0	1.49804	-1.48219
0	-1.36687	-1.36318
0	0.14570	-1.74746
0	-0.42715	-1.70866
0	1.54506	-1.45358
0	1.39435	-1.39518
0	2.07425	-0.01286
0	2.02488	0.00771
0	1.55806	-1.44570
0	0.92298	-1.57063
0	1.60130	-1.51300
0	1.60738	-1.50460
0	-1.33713	-1.44553
0	1.55488	-1.20492
0	1.96352	-0.00623
0	-1.39500	-1.37975
0	-1.33441	-1.38715
0	-1.37760	-1.45240
0	-1.37643	-1.39127
0	2.11395	0.04610
0	-1.36619	-1.36902
0	-1.38588	-1.41780
0	-1.40879	-1.37873
0	-0.58739	-1.66376
0	-1.35849	-1.42456
0	1.97686	-0.08405
0	1.02371	-1.61995
0	2.02017	0.05839
0	1.44183	-1.20166
0	-1.40100	-1.37369
0	1.47434	-1.42772
0	-1.38867	-1.43238
0	-1.38179	-1.40983
0	2.15222	0.03118
0	-0.10611	-1.78544
0	-1.36732	-1.38427
0	-1.37732	-1.39460
0	-1.39403	-1.40697
0	1.40746	-1.40212
0	-1.35072	-1.33085
0	-1.35969	-1.37054
0	-1.42934	-1.41765
0	2.06624	0.00276
0	-0.79321	-1.62235
0	-0.63530	-1.66473
0	2.16187	0.01192
0	2.02394	0.00959
0	2.00354	-0.00722
0	1.51265	-1.39465
0	1.52432	-1.51150
0	1.88638	-0.21623
0	-1.33568	-1.44060
0	2.00445	0.03691
0	2.05862	0.04036
0	2.05741	-0.00024
0	2.01972	0.02628
0	1.96962	-0.01139
0	1.75005	-0.49577
0	-1.37617	-1.34941
0	-1.38252	-1.40802
0	1.54449	-1.49821
0	2.03387	0.00942
0	1.58727	-0.63190
0	2.15906	0.02165
0	2.02665	0.04524
0	1.76779	-0.47708
0	-1.37048	-1.41201
0	-0.75067	-1.62730
0	2.04146	-0.02433
0	1.49785	-1.45867
0	2.00749	0.01726
0	2.13841	0.03060
0	-1.41718	-1.39474
0	0.95831	-1.55241
0	1.48656	-1.20269
0	1.94841	-0.00656
0	1.08115	-1.64746
0	-1.34262	-1.41392
0	1.96793	0.04336
0	-1.39653	-1.37360
0	0.37660	-1.66806
0	1.45912	-1.45493
0	1.69962	-0.62653
0	-1.38181	-1.37197
0	-0.18117	-1.81413
0	1.70897	-0.52550
0	1.92068	0.01261
0	1.81418	-0.30702
0	0.95018	-1.56777
0	2.00827	0.01450
0	2.05697	0.00556
0	-1.34531	-1.38328
0	-1.39661	-1.36037
0	1.50385	-1.43744
0	2.02221	0.02983
0	1.46375	-1.38847
0	0.82987	-1.62987
0	-1.39774	-1.37253
0	1.55713	-1.13802
0	-1.38525	-1.48113
0	-1.35134	-1.44194
0	2.01345	-0.01993
0	1.02812	-1.49818
0	1.27438	-1.51201
0	1.58091	-1.40078
0	2.17065	0.02579
0	2.01591	0.02393
0	-1.37049	-1.43524
0	2.17887	-0.01132
0	-1.39799	-1.34740
0	1.50640	-1.27498
0	1.46506	-1.44686
0	-1.31894	-1.40545
0	1.63600	-1.50543
0	2.20945	0.01946
0	2.10565	0.03298
0	1.53935	-0.86773
0	1.79993	-0.31656
0	-1.33142	-1.37940
0	1.98702	0.00047
0	2.01134	-0.00881
0	0.72115	-1.66427
0	-0.24173	-1.72836
0	1.79335	-0.38357
0	-0.81816	-1.56140
0	2.06646	0.09333
0	-1.38765	-1.41055
0	1.48298	-1.42957
0	1.40588	-1.33565
0	1.53219	-1.52597
0	-1.38181	-1.39269
0	1.47944	-1.40405
0	-1.41250	-1.38972
0	1.48648	-1.43489
0	-0.73643	-1.60387
0	1.71822	-0.39177
0	1.99681	-0.06326
0	1.52593	-1.44929
0	1.52085	-1.46520
0	1.97474	0.01067
0	1.99252	0.00900
0	1.44395	-1.42535
0	1.39798	-1.41989
0	-0.35931	-1.71453
0	-1.39591	-1.35690
0	2.04842	0.05778
0	1.96732	0.01014
0	1.48727	-1.48914
0	1.50071	-1.43638
0	1.68026	-0.25396
0	-1.35077	-1.38621
0	2.06049	0.04742
0	-1.35246	-1.38402
0	-1.40715	-1.39261
0	0.22613	-1.66559
0	-0.51393	-1.70051
0	-1.38368	-1.38027
0	-1.33759	-1.43146
0	1.41335	-1.37301
0	1.91367	-0.26464
0	1.37957	-1.40991
0	1.68138	-0.76575
0	-1.39716	-1.39652
0	0.74682	-1.63708
0	1.49181	-1.40702
0	-1.41503	-1.43834
0	1.71856	-0.42578
0	-0.22387	-1.70904
0	-1.36301	-1.41563
0	2.04134	0.04996
0	2.11965	0.02665
0	-1.38473	-1.39939
0	1.37688	-1.46293
0	-0.18635	-1.73479
0	1.43292	-1.39116
0	1.58488	-1.48587
0	1.93681	-0.01520
0	1.61350	-1.00643
0	-1.34539	-1.35447
0	-0.13942	-1.73383
0	1.54246	-1.40412
0	1.67277	-0.45755
0	1.89279	-0.01934
0	1.42258	-1.40557
0	2.14373	0.05642
0	1.97823	0.00392
0	2.09704	0.01029
0	-1.38515	-1.42829
0	-0.11656	-1.78638
0	1.41245	-1.47764
0	1.55867	-1.40223
0	-1.37398	-1.41507
0	-1.38006	-1.40058
0	-1.36851	-1.34552
0	1.68449	-0.61765
0	0.49964	-1.59717
0	-1.35776	-1.38828
0	-1.41591	-1.39490
0	-1.35720	-1.39049
0	-1.38167	-1.29963
0	1.56064	-1.49077
0	-1.35024	-1.36286
0	-1.38037	-1.36091
0	-0.96734	-1.56095
0	-0.24647	-1.82549
0	2.16709	0.05669
0	0.45568	-1.64655
0	1.14641	-1.58304
0	1.14541	-1.55569
0	-1.37918	-1.34331
0	-1.38445	-1.40699
0	1.46600	-1.38743
0	1.98561	0.02854
0	1.46388	-1.37098
0	2.04044	0.03166
0	1.44788	-1.42832
0	-1.39525	-1.38000
0	0.01563	-1.68275
0	2.13106	0.00805
0	0.53002	-1.66211
0	1.56790	-1.47446
0	0.76754	-1.60980
0	0.23029	-1.70843
0	2.13672	0.01724
0	1.92491	0.00724
0	1.97859	0.00123
0	2.02348	-0.00172
0	-1.39261	-1.40719
0	-1.33513	-1.39796
0	0.76328	-1.67025
0	-1.33913	-1.35045
0	1.96072	0.01825
0	1.50033	-1.45499
0	1.49373	-1.45644
0	2.01582	0.00609
0	2.26000	0.04608
0	-0.48335	-1.66095
0	1.92217	0.04425
0	-1.34891	-1.41894
0	1.48343	-1.38157
0	1.40614	-1.49524
0	1.39039	-1.38782
0	2.01367	0.02145
0	2.13151	0.04926
0	1.86049	-0.24371
0	-1.35500	-1.37788
0	1.64234	-0.72549
0	-1.35877	-1.37627
0	-1.35691	-1.38680
0	-1.35890	-1.35015
0	-0.30454	-1.76867
0	1.95104	0.05826
0	2.17482	0.02606
0	-0.47637	-1.74969
0	2.00587	0.00724
0	2.10796	0.02294
0	2.12814	0.09399
0	-1.40932	-1.42492
0	-0.49885	-1.66910
0	-1.39328	-1.43616
0	-1.40971	-1.41730
0	0.81553	-1.61164
0	1.42864	-1.36137
0	2.07296	0.07065
0	-0.21693	-1.75354
0	-1.39137	-1.38977
0	-0.21043	-1.74318
0	0.27770	-1.67060
0	-1.39291	-1.41747
0	1.52351	-1.41440
0	1.46738	-1.35548
0	1.53142	-1.39284
0	1.92782	-0.00410
0	-1.40222	-1.37552
0	1.64582	-0.47465
0	2.09401	0.02871
0	2.01229	0.01750
0	0.16344	-1.69875
0	-1.39999	-1.38104
0	-0.88921	-1.57646
0	-1.38582	-1.39775
0	-1.37771	-1.39852
0	-0.95880	-1.51286
0	-0.51955	-1.68394
0	-1.41281	-1.39516
0	-0.36934	-1.65493
0	1.87811	0.02264
0	2.11234	0.04451
0	-1.37178	-1.38263
0	1.84403	-0.23719
0	-1.32527	-1.42326
0	1.58381	-1.55319
0	1.45511	-1.40968
0	-1.39506	-1.42274
0	2.09521	0.03282
0	1.45620	-1.46954
0	2.04710	-0.00176
0	0.64203	-1.62915
0	2.12256	0.03450
0	1.94320	0.01298
0	2.09866	0.05165
0	-1.41601	-1.41427
0	1.47914	-1.42722
0	2.21348	0.11050
0	-1.39569	-1.41822
0	-0.15231	-1.75601
0	1.40787	-1.37503
0	1.93777	-0.03098
0	2.06984	0.02971
0	1.44462	-1.44780
0	-1.32295	-1.38879
0	1.06020	-1.52610
0	-0.27675	-1.73211
0	2.21302	0.05228
0	2.09165	0.03451
0	0.19632	-1.72006
0	-1.36367	-1.37974
0	0.58099	-1.69903
0	-1.39874	-1.38231
0	-0.26828	-1.77993
0	-1.35729	-1.40866
0	-0.87811	-1.58833
0	1.47628	-1.43691
0	0.04498	-1.75976
0	-1.38296	-1.38078
0	2.00764	-0.00859
0	-1.41031	-1.38594
0	1.47327	-1.44292
0	1.93809	-0.03996
0	-1.39812	-1.43623
0	1.64450	-0.69125
0	1.99596	-0.00959
0	1.43644	-1.41468
0	2.01724	0.03792
0	-1.40800	-1.43519
0	1.51990	-1.36080
0	-1.33748	-1.35027
0	1.55837	-1.52995
0	-1.38159	-1.33613
0	1.55284	-1.52075
0	2.06135	0.01439
0	0.22543	-1.82379
0	2.13508	0.03099
0	1.73772	-0.63641
0	2.14501	0.03084
0	-1.31441	-1.39395
0	0.77767	-1.62386
0	1.46791	-1.48397
0	1.81507	-0.25329
0	1.62781	-1.49388
0	1.49557	-1.43672
0	1.45416	-1.49161
0	1.51442	-1.39629
0	-1.37533	-1.41543
0	-1.36285	-1.45395
0	2.06162	0.04926
0	-1.37092	-1.36351
0	-1.39838	-1.41752
0	-1.35724	-1.37748
0	1.89803	0.04320
0	1.91050	-0.01173
0	-1.22034	-1.40722
0	2.04922	0.00000
0	-0.23188	-1.75845
0	2.15723	0.02820
0	1.50086	-1.47788
0	-1.38335	-1.43611
0	-1.35332	-1.41694
0	2.03778	0.00967
0	-1.39047	-1.43467
0	-1.37705	-1.39565
0	1.18639	-1.59411
0	2.03509	0.02897
0	1.89631	0.00006
0	2.02961	-0.02705
0	1.47372	-1.38453
0	0.02146	-1.75341
0	-1.39331	-1.45567
0	-1.37195	-1.38360
0	-0.90694	-1.56570
0	0.51732	-1.62956
0	1.46104	-1.42262
0	1.54567	-0.99896
0	1.47826	-1.43187
0	1.49482	-1.00988
0	1.48281	-1.39447
0	2.01680	0.00260
0	1.48299	-1.48562
0	2.07177	0.03040
0	0.36541	-1.65494
0	0.50605	-1.65126
0	-1.40530	-1.39283
0	1.99361	0.02123
0	2.04969	0.03139
0	1.52955	-1.43755
0	1.42478	-1.31445
0	1.03879	-1.59984
0	1.98117	0.11717
0	-1.39915	-1.42432
0	-0.09357	-1.74649
0	0.63350	-1.56125
0	-1.31212	-1.40175
0	-0.15819	-1.76719
0	1.53388	-1.44108
0	-1.41469	-1.37721
0	1.53624	-1.48287
0	-1.36014	-1.39924
0	1.65819	-0.88141
0	1.53477	-1.44025
0	2.05741	0.03207
0	1.97345	0.03468
0	1.45688	-1.44046
0	2.04074	0.03032
0	1.48435	-1.11146
0	1.74242	-0.55747
0	1.44668	-1.45672
0	1.62787	-0.84003
0	2.08791	0.01062
0	1.69918	-0.67156
0	-1.41121	-1.34210
0	1.94772	0.02112
0	1.19219	-1.57729
0	1.89232	-0.22924
0	1.48028	-1.04974
0	1.20671	-1.49959
0	-0.91919	-1.56808
0	1.49355	-1.43912
0	2.09126	0.00274
0	1.44562	-1.32901
0	2.12798	0.01276
0	0.94924	-1.56505
0	2.26173	0.07491
0	1.77843	-0.35015
0	-0.65425	-1.64681
0	2.05446	0.04121
0	-1.39529	-1.42034
0	1.70653	-0.65622
0	-1.41872	-1.40611
0	1.95516	0.00775
0	-1.32411	-1.40738
0	1.53706	-1.49609
0	2.02532	0.04284
0	-0.24846	-1.71920
0	1.44790	-1.55583
0	-1.34670	-1.30786
0	1.48821	-1.48738
0	-1.39184	-1.38465
0	1.43455	-1.39525
0	1.54851	-1.44013
0	2.04452	0.03807
0	2.00565	0.00414
0	-1.37688	-1.38537
0	-1.45797	-1.43249
0	1.47001	-1.41296
0	1.93792	0.03261
0	0.51157	-1.63607
0	1.94898	0.03226
0	0.40308	-1.66261
0	1.95867	0.03801
0	1.71404	-0.83442
0	1.43375	-1.36466
0	-1.35257	-1.42774
0	-1.38759	-1.36783
0	1.47735	-1.46776
0	2.14083	0.02976
0	-1.33492	-1.40152
0	-1.41597	-1.39628
0	-1.40696	-1.34249
0	-1.37266	-1.42004
0	1.48037	-1.41196
0	2.08257	0.05195
0	-1.34077	-1.40880
0	2.16319	0.03170
0	-1.42073	-1.40804
0	-0.25943	-1.77700
0	1.49129	-1.41466
0	0.48002	-1.70089
0	0.61437	-1.69331
0	1.25104	-1.53073
0	0.32154	-1.63677
0	-1.36958	-1.36236
0	0.86776	-1.59019
0	2.14116	0.10464
0	1.39068	-1.37569
0	1.64960	-0.75038
0	1.41563	-1.38799
0	-0.32322	-1.78039
0	-1.35367	-1.36405
0	1.89848	-0.25815
0	1.02540	-1.57621
0	1.39672	-1.51312
0	1.58875	-0.94735
0	2.01203	0.01326
0	-1.35319	-1.34365
0	2.04415	0.02451
0	1.58812	-0.77711
0	0.51390	-1.72766
0	1.61274	-1.50055
0	1.75883	-0.49308
0	1.99582	0.01855
0	0.20711	-1.69268
0	1.57478	-1.45496
0	1.42232	-1.38847
0	1.44300	-1.44955
0	1.48191	-1.45412
0	1.09107	-1.56313
0	2.03130	0.02981
0	1.97834	0.00862
0	-1.38418	-1.32350
0	-1.38108	-1.42420
0	1.88083	-0.15294
0	-1.35095	-1.43418
0	2.09147	0.00743
0	1.58931	-0.63783
0	1.49234	-1.50151
0	1.40833	-1.35193
0	0.27885	-1.71468
0	-1.38320	-1.39142
0	1.45817	-1.38485
0	-1.39636	-1.35819
0	0.09068	-1.68192
0	2.08799	0.01312
0	-1.43978	-1.40651
0	-1.33601	-1.35632
0	0.93285	-1.60984
0	-1.19806	-1.39328
0	-1.35944	-1.37932
0	-1.36611	-1.39812
0	1.97782	0.04171
0	1.35404	-1.52127
0	2.08886	0.03803
0	1.51638	-1.45130
0	1.42278	-1.40205
0	-1.37861	-1.40172
0	1.99274	0.02209
0	2.10912	0.04227
0	1.28905	-1.53990
0	2.02956	0.02551
0	-1.34983	-1.37718
0	1.54452	-1.47716
0	0.67811	-1.66936
0	1.47296	-1.20992
0	1.81275	-0.14825
0	-1.35899	-1.38102
0	1.41843	-1.44499
0	1.56982	-0.85758
0	2.23140	0.02547
0	1.98143	0.04011
0	-1.40768	-1.45520
0	2.09892	0.07254
0	-1.39540	-1.36886
0	1.99856	0.04426
0	1.58794	-1.53593
0	-1.39981	-1.41442
0	-0.28492	-1.76757
0	1.55106	-1.42250
0	1.42948	-1.44255
0	1.52716	-1.49016
0	2.09047	0.04536
0	1.46541	-1.38278
0	-0.74608	-1.56435
0	-1.40855	-1.40631
0	1.36008	-1.39147
0	-1.35940	-1.37224
0	2.05471	-0.00646
0	-1.38739	-1.37870
0	1.51946	-1.44724
0	-1.32841	-1.39727
0	-1.40563	-1.41015
0	1.84484	-0.09328
0	-1.38122	-1.44452
0	2.00266	0.04159
0	1.95046	0.02054
0	0.59723	-1.61464
0	-1.38044	-1.39708
0	-1.41340	-1.39626
0	-1.08385	-1.41533
0	1.99448	0.02387
0	-1.33143	-1.40758
0	1.51543	-1.41382
0	2.05554	0.00190
0	-1.42905	-1.36456
0	1.47295	-1.46180
0	2.06417	-0.01219
0	-0.54483	-1.62120
0	1.34853	-1.41985
0	-1.35965	-1.37549
0	-1.39227	-1.37834
0	-1.37515	-1.38948
0	-1.39766	-1.40226
0	1.90239	0.04255
0	1.36233	-1.34921
0	1.71910	-0.65512
0	1.49483	-1.44452
0	1.94118	0.01761
0	1.50004	-1.41489
0	0.15186	-1.69671
0	-1.40136	-1.39881
0	2.18657	0.06344
0	0.25513	-1.70202
0	2.12327	0.02867
0	1.46510	-1.44251
0	1.46466	-1.37585
0	1.52265	-1.39475
0	2.01353	-0.02359
0	1.22947	-1.50338
0	-1.36418	-1.42929
0	-1.37505	-1.42686
0	2.00256	0.00190
0	1.98861	0.03472
0	0.58612	-1.62736
0	1.92159	-0.03092
0	1.51068	-1.42721
0	2.04873	0.02244
0	-1.36561	-1.40533
0	1.54372	-0.88060
0	-1.38179	-1.40302
0	-0.24477	-1.71644
0	1.46676	-1.48613
0	1.07691	-1.53578
0	-0.58920	-1.63577
0	-1.39130	-1.38944
0	1.66561	-1.45572
0	-1.40750	-1.42412
0	1.51877	-1.48341
0	-1.36192	-1.35186
0	0.14906	-1.68763
0	2.19716	0.07123
0	1.27585	-1.49505
0	1.33276	-1.50242
0	2.07678	0.04891
0	-1.43492	-1.43491
0	1.53124	-1.12242
0	0.82517	-1.59523
0	-1.40041	-1.38442
0	2.10492	0.02553
0	0.46265	-1.62632
0	2.14669	0.01966
0	1.36844	-1.25145
0	2.03159	0.00648
0	1.52314	-1.48761
0	-1.34297	-1.33284
0	1.46477	-1.48135
0	1.40179	-1.51419
0	1.51187	-0.89577
0	0.36725	-1.62163
0	-0.50786	-1.69265
0	2.21056	0.04439
0	-0.08391	-1.77711
0	1.94697	0.03217
0	-1.36560	-1.43239
0	-1.42076	-1.40652
0	1.25754	-1.59010
0	1.43855	-1.40220
0	2.11200	-0.00761
0	0.64679	-1.63746
0	-0.32767	-1.75308
0	1.44972	-1.45447
0	2.01338	0.00038
0	1.03495	-1.43751
0	-1.39834	-1.40962
0	1.21653	-1.59606
0	-1.37074	-1.40206
0	-1.42638	-1.37351
0	-1.33516	-1.37279
0	2.05632	0.00446
0	-1.44398	-1.36469
0	2.12947	0.03914
0	0.04153	-1.68307
0	-1.40889	-1.41891
0	-1.35522	-1.37730
0	1.73432	-0.53462
0	2.00523	0.02812
0	2.04475	0.01867
0	-1.33543	-1.32654
0	1.43990	-1.42738
0	0.66869	-1.52418
0	2.13328	0.05050
0	0.58931	-1.64465
0	2.03687	0.01225
0	1.49125	-1.41576
0	-1.34861	-1.31952
0	1.50985	-1.43535
0	-1.37146	-1.40191
0	1.15468	-1.56388
0	-1.36168	-1.43156
0	-1.38130	-1.42429
0	0.51936	-1.63629
0	-1.09021	-1.46225
0	1.00184	-1.51821
0	-0.21690	-1.70485
0	-0.89534	-1.55050
0	1.45522	-1.50221
0	-1.36417	-1.31659
0	-1.33840	-1.46197
0	0.77149	-1.61892
0	2.07320	-0.00375
0	-1.33741	-1.41115
0	2.05146	0.03932
0	-1.44334	-1.40266
0	1.92101	-0.01165
0	2.06262	0.03981
0	-1.40694	-1.41908
0	-0.62618	-1.65968
0	-1.39132	-1.40888
0	0.27027	-1.72891
0	-1.34663	-1.35414
0	-1.37536	-1.35228
0	2.00141	-0.01213
0	1.47767	-1.45184
0	-0.01791	-1.72409
0	-1.38393	-1.38572
0	0.87900	-1.54385
0	2.20413	0.03864
0	1.33023	-1.37670
0	2.14762	0.02652
0	-1.38559	-1.40759
0	-0.46628	-1.72524
0	1.58983	-1.50189
0	-1.43563	-1.43486
0	-1.38625	-1.39528
0	1.38803	-1.36808
0	1.53243	-1.50314
0	1.43009	-1.53403
0	1.96698	0.01082
0	1.38577	-1.52603
0	1.38953	-1.43838
0	-1.35917	-1.39094
0	2.00261	0.02092
0	2.01566	0.03103
0	1.37309	-1.38280
0	1.56153	-0.42355
0	1.97567	0.04626
0	1.47432	-1.35717
0	1.39274	-1.40109
0	2.06169	0.03768
0	1.57276	-1.48821
0	-1.37201	-1.39111
0	-1.10783	-1.42827
0	1.76275	-0.41171
0	-1.03916	-1.44132
0	0.80190	-1.59408
0	1.73076	-0.31281
0	-0.98386	-1.58320
0	-1.38952	-1.37712
0	-1.40525	-1.39598
0	-1.36589	-1.39381
0	1.45811	-1.49446
0	-0.29840	-1.72522
0	-1.43909	-1.36940
0	-1.34751	-1.32367
0	1.86086	-0.12264
0	1.40564	-1.39056
0	1.97633	-0.00895
0	0.60409	-1.70420
0	1.41160	-1.27442
0	1.13991	-1.53788
0	-0.55953	-1.68741
0	1.51893	-1.53642
0	1.74346	-0.65646
0	1.47264	-1.44158
0	1.85814	-0.27584
0	-1.37944	-1.39540
0	-0.72235	-1.64744
0	-1.40092	-1.41278
0	-1.35384	-1.39018
0	1.46408	-1.39825
0	1.94663	0.02454
0	1.54338	-0.93438
0	2.02638	0.01559
0	1.59133	-1.01239
0	-0.73317	-1.62996
0	1.79782	-0.49842
0	1.52580	-1.45023
0	2.08503	0.00398
0	2.04125	-0.00245
0	-1.34849	-1.37695
0	0.88135	-1.56258
0	0.58767	-1.60185
0	1.51338	-1.50539
0	-1.35488	-1.36613
0	1.41767	-1.36139
0	1.42822	-1.33743
0	-0.33542	-1.75339
0	1.97622	0.01894
0	0.59607	-1.62822
0	1.43990	-1.39458
0	-1.33126	-1.41690
0	1.99452	0.01141
0	2.03026	0.04360
0	1.51231	-1.38287
0	1.48877	-1.48377
0	1.81493	-0.38581
0	1.60601	-0.80448
0	1.98147	0.01307
0	0.62811	-1.65175
0	-0.11674	-1.72703
0	2.01114	0.00928
0	1.77273	-0.34496
0	0.28597	-1.68859
0	-0.30088	-1.80717
0	1.52067	-1.46777
0	2.03587	0.01481
0	-0.51164	-1.66670
0	-1.40807	-1.46499
0	-1.39238	-1.43154
0	1.47435	-1.38716
0	1.44393	-1.34643
0	-1.32890	-1.42475
0	1.47395	-1.44110
0	-1.34334	-1.39194
0	1.49116	-1.40621
0	-1.33550	-1.35253
0	1.10087	-1.60446
0	-1.34989	-1.40736
0	-1.39053	-1.38850
0	-1.43165	-1.38958
0	2.03729	0.03989
0	-0.52680	-1.68142
0	-0.79099	-1.57411
0	2.04117	0.03488
0	-1.04820	-1.53046
0	1.47196	-1.42763
0	2.07501	0.03379
0	-1.37975	-1.39133
0	2.21539	0.05211
0	-0.54109	-1.62444
0	-1.39867	-1.41904
0	1.53324	-1.03419
0	1.59796	-0.97939
0	1.52367	-1.49933
0	-1.43293	-1.41909
0	1.44456	-1.46315
0	1.18544	-1.50403
0	1.38974	-1.36650
0	1.97524	0.03652
0	1.55703	-1.40994
0	-1.39342	-1.41947
0	2.03510	0.00938
0	2.09604	0.07186
0	-1.37358	-1.44181
0	-0.26665	-1.75221
0	1.20404	-1.48987
0	1.52048	-1.36332
0	1.67963	-0.77964
0	-1.35854	-1.37480
0	-1.37246	-1.43472
0	-1.35612	-1.36653
0	2.11809	0.01290
0	-0.03110	-1.76871
0	1.49797	-1.24995
0	-1.38440	-1.34367
0	-1.33866	-1.39524
0	-1.40437	-1.38019
0	2.04049	0.00871
0	-1.34232	-1.45581
0	-1.36251	-1.38013
0	1.48914	-1.41644
0	1.46112	-1.44039
0	1.52728	-1.49364
0	-0.05803	-1.75975
0	-1.35750	-1.41438
0	1.37708	-1.40875
0	-0.52342	-1.66011
0	-0.64716	-1.56167
0	-1.44023	-1.41258
0	1.48503	-1.40433
0	1.95343	0.02714
0	-0.55606	-1.63275
0	1.95773	0.02542
0	2.05262	-0.00967
0	-1.39200	-1.38303
0	1.83880	-0.27720
0	1.56973	-1.46717
0	1.44993	-1.44056
0	1.67177	-0.56820
0	0.42508	-1.68014
0	1.96691	-0.02156
0	-1.35284	-1.40150
0	1.50415	-1.40486
0	-1.36016	-1.38109
0	1.52727	-1.43085
0	-0.86028	-1.61766
0	2.05282	0.00772
0	1.49448	-1.24984
0	-0.26027	-1.74822
0	2.02461	0.03803
0	2.06718	0.06085
0	2.00625	0.02013
0	1.47902	-1.44382
0	1.56457	-1.50180
0	1.52696	-1.42263
0	-1.38265	-1.41842
0	1.52675	-1.43963
0	1.85547	-0.00518
0	1.47007	-1.40435
0	-1.36675	-1.39011
0	1.51404	-1.44011
0	2.09956	0.00623
0	0.99142	-1.61491
0	1.40298	-1.36001
0	1.42994	-1.36806
0	1.54346	-1.51575
0	-1.32045	-1.38164
0	1.22431	-1.54155
0	2.16186	0.04672
0	-1.39146	-1.35945
0	-1.18172	-1.39864
0	1.60772	-0.93589
0	1.47542	-1.39767
0	1.48272	-1.42393
0	1.99840	-0.00508
0	1.62126	-0.58761
0	1.44730	-1.36697
0	1.93585	-0.00684
0	2.03740	0.00597
0	2.14744	0.03659
0	1.44569	-1.40903
0	1.42976	-1.31257
0	2.12216	0.04489
0	-1.38980	-1.40493
0	1.99300	0.00098
0	-1.26187	-1.44365
0	-1.40028	-1.39243
0	2.02927	0.00816
0	1.54763	-1.46102
0	1.53231	-1.47405
0	-1.40703	-1.39225
0	1.55078	-1.45557
0	-1.42672	-1.43202
0	-1.42147	-1.38443
0	2.16653	0.05829
0	1.43244	-1.38627
0	-1.39825	-1.39427
0	1.48598	-1.01964
0	-0.21569	-1.75517
0	-1.38104	-1.41199
0	2.06995	0.02793
0	1.56543	-0.92469
0	1.55901	-1.44394
0	1.54113	-1.42989
0	2.00511	-0.00128
0	2.13932	0.04814
0	-1.37100	-1.41564
0	-1.36992	-1.44959
0	2.09923	-0.00698
0	2.13536	0.04366
0	1.95214	0.06401
0	-1.36257	-1.32046
0	1.56161	-1.08230
0	1.97855	0.03731
0	-1.30391	-1.38659
0	1.52173	-0.91102
0	-1.37615	-1.36769
0	0.58676	-1.59771
0	2.03501	-0.00294
0	1.38600	-1.38191
0	2.05853	0.00180
0	1.41995	-1.51696
0	0.97685	-1.49615
0	2.06251	0.07222
0	1.98282	-0.01294
0	1.88965	-0.02701
0	2.03164	0.02342
0	-1.36546	-1.41447
0	0.91021	-1.66886
0	2.09332	0.02839
0	-1.42323	-1.39811
0	1.42423	-1.43125
0	-1.33940	-1.32462
0	1.61653	-0.74738
0	1.31987	-1.34522
0	-1.33911	-1.38809
0	-1.38524	-1.37553
0	-1.37052	-1.37011
0	-1.34976	-1.37598
0	1.42640	-1.36137
0	-1.15014	-1.47404
0	1.30493	-1.48468
0	-1.30446	-1.39399
0	1.44978	-1.32417
0	-1.40374	-1.40087
0	2.08812	0.01308
0	2.04902	0.04693
0	-1.38283	-1.37073
0	-0.92841	-1.55386
0	1.77348	-0.46955
0	-1.35128	-1.45591
0	1.67900	-0.62851
0	2.08884	0.01509
0	2.00514	0.02347
0	2.02433	0.05542
0	1.47546	-1.43552
0	-1.38164	-1.43686
0	2.03050	0.04168
0	-1.37978	-1.39067
0	-1.39980	-1.40774
0	1.43424	-1.33758
0	1.54144	-1.35699
0	-1.35118	-1.38444
0	0.50112	-1.64985
0	2.06856	0.00473
0	-1.37883	-1.36260
0	-0.51200	-1.62282
0	0.90412	-1.64807
0	-0.95344	-1.51254
0	-1.41538	-1.39440
0	1.95417	0.04386
0	1.41931	-1.31294
0	-0.48913	-1.68221
0	2.04458	0.04311
0	1.63494	-0.93395
0	2.20528	0.03311
0	-1.39456	-1.49064
0	1.29363	-1.49769
0	1.51252	-1.09268
0	2.14230	0.04024
0	-1.34749	-1.37322
0	2.05178	0.04263
0	1.95497	0.02678
0	-1.37187	-1.41458
0	1.33645	-1.36551
0	-1.37266	-1.38283
0	2.05464	0.01460
0	0.64057	-1.65769
0	1.50742	-1.44118
0	2.13626	0.05826
0	-1.40634	-1.42524
0	-1.37528	-1.46484
0	-1.33689	-1.37247
0	-0.60430	-1.63483
0	1.87884	-0.03018
0	1.78544	-0.19841
0	2.00353	0.07621
0	1.53255	-1.26670
0	-1.36428	-1.36932
0	1.96262	0.01946
0	0.82185	-1.61297
0	2.11031	0.04737
0	0.92534	-1.55985
0	-1.40304	-1.34856
0	1.47741	-1.50166
0	2.02121	0.02018
0	-1.34379	-1.41307
0	2.06972	0.01014
0	2.17895	0.01589
0	1.05560	-1.45541
0	2.05159	0.01579
0	1.44338	-1.42497
0	1.51319	-1.05140
0	-1.36547	-1.43777
0	0.05068	-1.67546
0	2.05724	0.01459
0	1.93358	0.02224
0	-1.35427	-1.40914
0	-1.37616	-1.35884
0	0.15022	-1.67731
0	-1.22214	-1.48268
0	1.81432	-0.20059
0	2.13039	-0.00235
0	-1.39318	-1.39271
0	0.94173	-1.58912
0	-1.41448	-1.38977
0	-1.40583	-1.40298
0	1.55957	-1.45756
0	-0.95718	-1.54354
0	2.07789	0.02566
0	2.13743	0.04465
0	1.95365	-0.03581
0	1.40394	-1.40606
0	-1.39084	-1.34632
0	1.48958	-1.45161
0	2.10417	0.03332
0	2.10291	0.00736
0	2.01782	-0.02195
0	-1.37820	-1.37797
0	1.47952	-1.44633
0	-0.62704	-1.63231
0	0.74823	-1.63113
0	-1.37916	-1.46117
0	1.41568	-1.38149
0	1.11415	-1.55363
0	1.48295	-1.44053
0	2.08034	-0.00237
0	-0.48306	-1.67588
0	1.52505	-0.90107
0	1.42315	-1.34424
0	2.01092	-0.02201
0	-1.37114	-1.37178
0	-1.36306	-1.37388
0	1.50248	-1.46728
0	1.46871	-1.26039
0	2.07952	0.01664
0	2.07597	0.03452
0	1.37925	-1.41972
0	1.51752	-1.38426
0	-1.37960	-1.42672
0	1.96112	0.01196
0	-1.44252	-1.39885
0	-0.61035	-1.64885
0	0.10975	-1.70984
0	1.39845	-1.43570
0	1.58989	-0.77245
0	1.37729	-1.35569
0	2.11523	0.00473
0	1.46528	-1.06773
0	1.58413	-1.02377
0	1.51687	-1.38408
0	-1.35556	-1.41480
0	2.15152	0.04347
0	-1.39681	-1.42668
0	2.16376	0.02609
0	-1.35076	-1.38034
0	-1.38143	-1.43136
0	1.71309	-0.51764
0	2.06942	0.02162
0	-1.40882	-1.42357
0	1.56260	-0.84575
0	-1.39981	-1.41399
0	-1.39864	-1.38560
0	1.48437	-1.42436
0	-1.34799	-1.39265
0	1.58001	-1.48048
0	-1.35141	-1.37281
0	-0.55734	-1.66331
0	1.49300	-1.44824
0	-1.38599	-1.38900
0	-1.40851	-1.38516
0	1.45750	-1.42327
0	2.10240	0.05664
0	-1.04358	-1.54383
0	-0.10320	-1.75036
0	2.18082	0.04078
0	2.07665	0.03273
0	-1.40835	-1.33336
0	1.45343	-1.35542
0	2.08953	-0.00294
0	0.74505	-1.60799
0	-1.34414	-1.38498
0	2.00602	-0.00055
0	-1.42524	-1.36464
0	2.14817	0.07433
0	1.49166	-1.38206
0	2.06990	0.02074
0	-0.34801	-1.72497
0	2.05124	0.01572
0	-0.16275	-1.86131
0	1.91983	-0.03642
0	1.64911	-1.51756
0	2.09126	0.01453
0	-1.38376	-1.35499
0	-1.38192	-1.36065
0	1.79361	-0.50701
0	-1.39519	-1.37515
0	-0.95128	-1.54974
0	2.10715	0.04291
0	1.02878	-1.56352
0	0.02832	-1.65110
0	1.37431	-1.35384
0	-1.39963	-1.39559
0	-1.37869	-1.37327
0	-1.39663	-1.38457
0	-0.60109	-1.67272
0	-0.04224	-1.70445
0	-1.06387	-1.40154
0	1.67085	-0.75751
0	-1.39007	-1.33353
0	2.11086	0.04912
0	2.19355	0.03130
0	-1.42689	-1.40248
0	2.08468	0.05243
0	1.99131	0.03889
0	0.11744	-1.70367
0	1.41266	-1.36922
0	-0.64105	-1.60092
0	1.48310	-1.46694
0	1.86056	-0.09344
0	1.20393	-1.51271
0	-1.33375	-1.44393
0	2.12156	0.01539
0	1.58327	-1.45813
0	2.08066	0.05219
0	2.11866	0.05394
0	2.03905	0.00785
0	2.00956	-0.00911
0	2.01206	0.04517
0	1.56021	-1.45359
0	-1.40856	-1.36917
0	2.04664	0.02637
0	2.05728	-0.01328
0	1.42474	-1.36895
0	-1.37134	-1.39738
0	-1.39414	-1.40110
0	1.43268	-1.38657
0	2.16251	0.00686
0	2.04196	0.01176
0	-1.35747	-1.39642
0	2.04502	0.03537
0	1.33442	-1.52091
0	2.13837	0.05213
0	-1.36641	-1.41777
0	1.47823	-1.37189
0	-1.37974	-1.31789
0	1.50549	-1.45517
0	-1.40337	-1.35863
0	-1.35957	-1.39501
0	-1.32390	-1.42769
0	1.62496	-1.48802
0	1.92010	0.08207
0	2.03781	0.02346
0	-1.40949	-1.47258
0	-1.35494	-1.45275
0	2.22035	0.04182
0	-0.47290	-1.68503
0	2.12252	0.00200
0	1.18703	-1.57599
0	-1.33025	-1.38976
0	1.61395	-1.48278
0	2.13379	-0.00856
0	2.04452	0.04368
0	1.56984	-1.42766
0	2.01969	0.00855
0	-0.46974	-1.68183
0	-1.42485	-1.42937
0	1.55370	-1.43383
0	1.76384	-0.26974
0	0.60372	-1.62661
0	1.40777	-1.36769
0	2.06666	0.02659
0	1.57715	-1.46690
0	1.58792	-1.52820
0	1.40189	-1.20545
0	2.10598	0.03164
0	1.47096	-1.37901
0	1.45473	-1.43050
0	1.96515	-0.00930
0	1.49537	-1.43411
0	-1.35147	-1.35807
0	1.48385	-1.45500
0	1.45694	-1.33797
0	0.34705	-1.73525
0	-1.40004	-1.41142
0	-1.35872	-1.35124
0	-0.71932	-1.56413
0	2.08885	0.04017
0	1.95852	0.00237
0	2.02550	0.03341
0	2.02905	0.01266
0	1.47995	-1.48980
0	-1.35126	-1.36980
0	-1.39420	-1.38108
0	1.98145	-0.00116
0	-1.13104	-1.47839
0	-1.42317	-1.38488
0	1.99245	0.01784
0	1.45618	-1.45460
0	1.44771	-1.49053
0	-1.33267	-1.39507
0	0.70385	-1.58841
0	1.52539	-1.46529
0	2.01155	-0.00436
0	1.90809	-0.01033
0	-0.06515	-1.72580
0	0.25733	-1.66304
0	-1.37935	-1.31828
0	1.55063	-1.38818
0	2.06001	0.08089
0	-1.43465	-1.36208
0	1.44429	-1.35935
0	-1.34791	-1.35814
0	2.11614	0.01506
0	2.15504	0.07219
0	2.10460	0.02875
0	-0.75177	-1.59408
0	-1.38671	-1.41055
0	1.97011	0.01142
0	-1.40204	-1.42933
0	2.07792	-0.01504
0	-1.33288	-1.31918
0	0.71113	-1.67095
0	2.00870	0.03649
0	2.10519	0.06169
0	-1.34132	-1.32967
0	2.12727	0.02970
0	1.40955	-1.39915
0	1.17779	-1.53879
0	-0.58302	-1.55795
0	2.20729	0.02090
0	-1.37538	-1.36458
0	-1.37943	-1.44009
0	0.01505	-1.73161
0	1.90922	0.01263
0	-1.42264	-1.40059
0	1.39730	-1.36312
0	-1.39242	-1.36695
0	1.55670	-0.98071
0	-1.36470	-1.36473
0	1.82600	-0.38048
0	-1.37880	-1.42617
0	-1.35280	-1.45194
0	2.04015	0.02585
0	1.46175	-1.44245
0	2.04961	0.02148
0	1.95674	-0.03268
0	-1.30905	-1.44264
0	2.17428	0.03981
0	-1.31535	-1.40454
0	1.36775	-1.42389
0	1.56305	-1.48421
0	2.04536	0.03580
0	1.77367	-0.53021
0	0.86009	-1.50068
0	1.52601	-1.44973
0	-0.13986	-1.82913
0	2.11197	0.01321
0	1.41214	-1.52282
0	2.08680	0.04249
0	2.02327	0.03946
0	-0.94254	-1.50072
0	0.68293	-1.62589
0	1.85342	-0.33978
0	1.23478	-1.59099
0	2.24992	0.06193
0	1.67067	-0.35297
0	0.77543	-1.62904
0	1.93943	-0.01089
0	-0.72026	-1.58947
0	2.01988	0.00166
0	0.98360	-1.55276
0	2.03789	0.04716
0	2.11734	0.05547
0	2.02209	0.02705
0	-1.35950	-1.46337
0	0.08419	-1.60642
0	1.23385	-1.51878
0	2.11399	0.03207
0	1.51333	-1.52704
0	-1.37228	-1.38433
0	1.49593	-1.35011
0	2.18064	0.00124
0	1.15935	-1.54084
0	-1.40194	-1.43544
0	-1.36945	-1.40020
0	2.07310	0.04853
0	0.28917	-1.62385
0	2.04760	0.03145
0	2.06837	0.05420
0	1.96073	-0.00159
0	1.88935	-0.09579
0	1.53446	-1.46760
0	-1.41336	-1.39255
0	2.05784	0.03181
0	1.99710	0.00304
0	1.43055	-1.35211
0	1.49503	-1.40781
0	2.06279	0.06054
0	2.16530	0.05856
0	-1.38142	-1.46680
0	1.48965	-1.47477
0	1.45039	-1.23594
0	2.14814	0.04633
0	-1.38036	-1.37247
0	1.48338	-1.42348
0	-1.38753	-1.42367
0	2.17342	0.03699
0	2.16371	0.01594
0	0.92078	-1.63994
0	1.44928	-1.42289
0	1.51124	-1.38923
0	1.46651	-1.41299
0	1.38881	-1.38603
0	-1.36567	-1.43555
0	2.00272	-0.00351
0	-1.37298	-1.45502
0	1.45406	-1.38930
0	1.90834	-0.01086
0	1.93576	0.02331
0	1.73714	-0.41988
0	-1.37140	-1.38529
0	1.41985	-1.36364
0	1.51438	-1.38840
0	1.91792	0.03507
0	1.51402	-1.35713
0	2.09818	-0.00140
0	1.97809	-0.00097
0	-0.35452	-1.73332
0	2.02051	0.03747
0	0.31171	-1.62206
0	1.95460	0.02337
0	1.09883	-1.51056
0	1.91379	0.01217
0	2.05254	0.03344
0	-1.31841	-1.41820
0	2.06846	0.01678
0	1.16493	-1.45423
0	1.47237	-1.44586
0	1.43305	-1.05698
0	-1.39665	-1.43429
0	-1.34339	-1.38277
0	1.41024	-1.35958
0	1.45777	-1.49244
0	-1.37093	-1.38741
0	2.04652	0.00433
0	2.07486	0.03374
0	-1.37185	-1.39533
0	2.05397	-0.00499
0	1.96660	-0.01476
0	-1.37088	-1.34407
0	1.48190	-1.42613
0	1.48952	-1.52693
0	1.45290	-1.39826
0	-1.33309	-1.36245
0	1.54484	-0.98368
0	-0.18777	-1.70552
0	-1.37518	-1.39641
0	2.05166	-0.00448
0	1.38951	-1.35890
0	-1.35166	-1.46103
0	1.45190	-1.34575
0	1.55481	-1.45103
0	1.49672	-1.26274
0	-0.96472	-1.46484
0	-1.37191	-1.41645
0	-1.35547	-1.36604
0	-1.38030	-1.39653
0	1.46984	-1.45049
0	-1.36480	-1.35910
0	1.42223	-1.38696
0	1.62389	-0.80042
0	2.09598	0.04191
0	-1.37500	-1.40262
0	-1.45567	-1.32596
0	-1.38930	-1.36749
0	1.47388	-1.43878
0	2.10437	0.05655
0	-0.28972	-1.80139
0	2.16404	0.01949
0	-0.91557	-1.54499
0	1.45956	-1.43599
0	-0.21239	-1.80423
0	2.00657	0.00386
0	2.09635	0.02855
0	-1.32074	-1.40982
0	1.39584	-1.54029
0	-1.38717	-1.38629
0	2.05042	0.02078
0	2.00401	-0.00910
0	-1.42937	-1.41556
0	2.04078	0.02192
0	-1.40295	-1.39600
0	-1.43310	-1.40431
0	-1.43113	-1.46875
0	1.48403	-1.37078
0	-1.41012	-1.44249
0	-1.35836	-1.33837
0	0.43140	-1.60901
0	-0.88257	-1.56928
0	1.35897	-1.28141
0	-0.17858	-1.75971
0	1.92978	-0.17478
0	2.07774	0.01465
0	1.41713	-1.36784
0	-1.33821	-1.45064
0	1.47112	-1.10145
0	-1.35482	-1.38220
0	1.97857	-0.01385
0	-1.39956	-1.40285
0	-1.39421	-1.37616
0	2.11260	0.00295
0	1.27922	-1.52019
0	1.57516	-1.51401
0	1.47694	-1.36668
0	2.06963	0.05124
0	2.03242	-0.00194
0	0.59166	-1.66547
0	2.03170	-0.00747
0	1.53502	-1.48499
0	1.84086	-0.01989
0	1.50372	-1.47082
0	2.01458	0.00453
0	-1.36939	-1.37372
0	-0.12574	-1.78436
0	2.09504	0.04107
0	1.37502	-1.33965
0	2.09220	0.02694
0	1.59715	-1.52375
0	1.54707	-1.46595
0	2.21794	0.06253
0	2.03612	0.05100
0	-1.43558	-1.40484
0	1.50407	-1.43610
0	1.46659	-1.44425
0	1.55707	-1.49036
0	-1.37184	-1.38015
0	1.44372	-1.55234
0	1.51413	-1.50240
0	1.47404	-1.44263
0	0.96909	-1.47353
0	-1.40606	-1.41479
0	1.99709	0.07065
0	-1.39462	-1.34719
0	1.44021	-1.46970
0	1.55681	-1.42306
0	1.47481	-1.41305
0	-1.34056	-1.39395
0	-1.17630	-1.54112
0	-1.37396	-1.42668
0	2.14257	0.03659
0	1.45420	-1.41515
0	1.40889	-1.41487
0	1.62693	-0.50346
0	1.39035	-1.53550
0	-1.39889	-1.42741
0	1.99507	0.01580
0	-1.40818	-1.40960
0	-1.36755	-1.46072
0	0.75092	-1.64099
0	1.40758	-1.40507
0	-1.38823	-1.43515
0	2.05835	0.07378
0	-1.38180	-1.41894
0	0.85888	-1.63929
0	1.38408	-1.33355
0	1.63810	-0.61239
0	-1.38082	-1.39118
0	-1.39761	-1.45132
0	2.02993	0.04066
0	2.07599	0.03972
0	0.43514	-1.68751
0	0.80352	-1.61016
0	2.04427	0.00304
0	1.97779	0.00598
0	-1.38967	-1.43011
0	2.07019	0.04012
0	2.02973	0.02803
0	1.50317	-1.37208
0	-1.40235	-1.38777
0	2.07015	-0.01459
0	0.98932	-1.58853
0	1.61410	-1.49851
0	1.39276	-1.35324
0	-1.39688	-1.39785
0	-1.35932	-1.47909
0	2.01181	0.02095
0	1.62796	-0.68239
0	1.52884	-1.44495
0	1.51616	-1.45042
0	2.00638	0.00511
0	1.49969	-1.42392
0	2.18765	0.06290
0	1.37947	-1.39077
0	1.94444	-0.04167
0	1.75131	-0.57244
0	-1.36381	-1.37663
0	2.02254	0.00690
0	1.52947	-1.33155
0	1.15213	-1.59498
0	1.48197	-1.43392
0	2.22599	0.04220
0	1.67700	-1.50654
0	2.22895	0.04289
0	-1.41231	-1.42718
0	1.36492	-1.35585
0	0.78663	-1.59357
0	1.41387	-1.37315
0	-1.36490	-1.40311
0	1.49423	-1.46290
0	2.20085	0.02620
0	2.04719	-0.00136
0	-1.17793	-1.42955
0	1.41610	-1.38102
0	-1.36203	-1.37520
0	1.95549	0.02733
0	-0.53686	-1.67700
0	1.45703	-1.37890
0	1.98119	0.02252
0	1.40357	-1.35206
0	-1.40698	-1.41254
0	1.53819	-1.45790
0	1.48693	-1.24988
0	-1.36927	-1.38696
0	-0.80635	-1.56998
0	1.48704	-1.49161
0	1.60989	-1.48241
0	-1.40313	-1.44152
0	-1.32082	-1.38064
0	-1.33928	-1.38610
0	-1.34295	-1.42704
0	2.06981	-0.00038
0	2.08684	0.01097
0	-0.22397	-1.75098
0	-1.36699	-1.42072
0	1.77086	-0.38436
0	1.48542	-1.41297
0	1.55562	-1.51355
0	-1.37730	-1.40398
0	-0.06771	-1.76181
0	-0.51691	-1.65425
0	1.49692	-0.93414
0	2.00080	-0.02084
0	2.05443	0.03453
0	1.78454	-0.35757
0	1.46715	-1.43873
0	-0.15287	-1.79083
0	1.37935	-1.37345
0	2.02248	0.01193
0	-1.46448	-1.38660
0	1.55005	-1.51634
0	1.68127	-0.61902
0	-1.37742	-1.42708
0	-1.36865	-1.41131
0	-1.41510	-1.41609
0	-1.37356	-1.36612
0	2.26377	0.04963
0	1.41002	-1.37840
0	-1.32997	-1.37299
0	-1.37316	-1.38215
0	2.09627	0.02442
0	-0.89448	-1.51786
0	1.43339	-1.44113
0	-0.24567	-1.76327
0	-1.38948	-1.36949
0	1.44345	-1.43670
0	1.47705	-1.46256
0	-1.36232	-1.40847
0	2.07393	0.05704
0	-1.30334	-1.35035
0	1.25875	-1.50415
0	1.38144	-1.38739
0	1.50987	-1.03455
0	-0.01793	-1.78465
0	2.09185	0.03568
0	1.94100	-0.00133
0	1.40108	-1.53429
0	2.09464	0.01488
0	2.00342	0.04010
0	-1.41318	-1.32455
0	2.14012	0.10545
0	-1.33473	-1.36605
0	1.98504	0.06961
0	-0.28047	-1.78740
0	-1.38024	-1.38421
0	-1.39357	-1.43878
0	1.61495	-0.83060
0	0.18902	-1.69150
0	1.59997	-0.80148
0	2.04714	0.01985
0	-1.39429	-1.36219
0	1.63625	-0.85254
0	2.06134	0.02712
0	2.06728	-0.00550
0	1.48743	-1.41907
0	-1.44216	-1.42990
0	-1.46186	-1.40117
0	1.52317	-1.48555
0	-1.36114	-1.37418
0	1.46233	-1.34865
0	1.62127	-0.92414
0	1.48160	-1.40697
0	2.13185	0.09034
0	2.10575	-0.02812
0	1.46601	-1.39428
0	2.09474	0.04292
0	1.61068	-1.49754
0	-1.27461	-1.44161
0	1.51439	-1.46991
0	2.08696	0.01462
0	2.08667	-0.01290
0	-1.33368	-1.31893
0	0.96780	-1.57597
0	1.58869	-1.49140
0	-1.39986	-1.40098
0	-1.40639	-1.39137
0	2.21780	0.04838
0	2.04998	0.10091
0	1.44203	-1.45594
0	-1.33998	-1.39438
0	2.06783	0.01460
0	1.93679	-0.00682
0	1.50398	-1.42880
0	-1.37447	-1.33894
0	-0.62244	-1.60905
0	1.95466	0.01199
0	1.94712	-0.00070
0	-1.36513	-1.42698
0	1.52500	-1.46025
0	-1.37145	-1.41617
0	2.05264	0.02912
0	1.96040	-0.00818
0	0.98579	-1.52590
0	1.71459	-0.76764
0	0.99567	-1.61469
0	1.91546	0.03572
0	1.99148	-0.01090
0	2.07611	0.01198
0	0.20635	-1.69813
0	1.33510	-1.46163
0	1.48466	-1.44894
0	-1.42366	-1.40081
0	2.04752	0.03185
0	1.54681	-1.41055
0	1.77727	-0.38129
0	1.37703	-1.38166
0	0.69385	-1.64050
0	2.05265	0.00993
0	-1.39164	-1.40937
0	-1.38160	-1.33006
0	2.07148	0.00729
0	-1.36968	-1.33806
0	1.62150	-1.47638
0	1.63643	-0.74841
0	2.08878	0.03245
0	1.46056	-1.49708
0	1.66973	-0.74363
0	-1.34344	-1.40247
0	-1.32873	-1.40856
0	-1.41604	-1.43014
0	2.05900	0.06039
0	-1.38798	-1.36461
0	2.02233	0.01708
0	-1.40070	-1.37561
0	1.96734	-0.11763
0	-1.39543	-1.42235
0	2.17648	0.02914
0	-1.38393	-1.41699
0	-1.39484	-1.39082
0	-1.34141	-1.42261
0	-0.71155	-1.59761
0	2.15232	0.04123
0	-1.42115	-1.40390
0	2.09673	0.05318
0	-0.23693	-1.75993
0	-1.33994	-1.40964
0	-1.25881	-1.36479
0	-1.38585	-1.39458
0	-1.37191	-1.34268
0	-1.41166	-1.39565
0	2.13920	0.04054
0	0.94590	-1.59113
0	-1.36483	-1.37300
0	-1.38279	-1.36052
0	1.42640	-1.40294
0	1.90648	-0.08420
0	-1.42126	-1.36957
0	1.36899	-1.33431
0	-1.38300	-1.41614
0	1.47120	-1.39670
0	0.19032	-1.69587
0	0.68851	-1.59019
0	1.95511	0.02371
0	-1.37884	-1.40984
0	-1.33347	-1.37319
0	-1.42282	-1.43035
0	-1.40006	-1.31177
0	2.09684	0.02996
0	0.20432	-1.62988
0	1.94573	0.00439
0	1.14344	-1.57695
0	-1.13164	-1.49135
0	2.14885	0.02191
0	-1.32623	-1.37363
0	-1.34742	-1.37682
0	2.09004	0.01435
0	-1.35083	-1.39386
0	2.00959	0.04666
0	-1.36950	-1.38799
0	1.54494	-1.46220
0	1.57624	-1.49326
0	-1.39566	-1.42307
0	-1.36631	-1.45685
0	-1.37148	-1.40146
0	-0.66118	-1.62976
0	2.01572	0.06596
0	2.10236	0.04205
0	0.12943	-1.75739
0	-1.35483	-1.44445
0	1.32194	-1.60623
0	2.05811	0.02979
0	1.31317	-1.52464
0	2.03102	0.01574
0	-1.37996	-1.35560
0	-1.39804	-1.45573
0	-1.39161	-1.39390
0	1.36195	-1.41800
0	-1.42128	-1.40951
0	2.12412	0.04160
0	-1.00539	-1.50490
0	0.14636	-1.69189
0	-0.85025	-1.54695
0	-1.38078	-1.35803
0	1.52839	-1.45534
0	1.67726	-0.60247
0	-1.37982	-1.40985
0	1.56967	-0.64984
0	-1.37687	-1.42047
0	0.18462	-1.74821
0	-1.33162	-1.40591
0	1.48258	-1.36472
0	2.10039	0.05535
0	1.92905	0.00157
0	2.04267	-0.00539
0	1.55523	-1.54087
0	1.93553	-0.03219
0	0.67291	-1.61627
0	1.43967	-1.36992
0	-1.38932	-1.43728
0	1.92010	0.01267
0	1.50147	-1.48159
0	1.51895	-1.39639
0	0.95097	-1.58689
0	2.17670	0.04666
0	2.06967	0.02235
0	-1.38134	-1.39711
0	2.00610	-0.02185
0	2.04343	0.02439
0	1.45385	-1.37890
0	0.53264	-1.66578
0	0.46539	-1.61535
0	-1.38181	-1.37838
0	2.08272	-0.00792
0	-1.34836	-1.38748
0	1.44825	-1.39063
0	0.52862	-1.60531
0	1.50085	-1.46548
0	-1.37814	-1.42089
0	2.06909	-0.00846
0	1.98942	0.03340
0	2.03789	0.01629
0	2.12135	0.04188
0	2.10088	0.02063
0	1.56637	-1.49584
0	-1.33026	-1.39762
0	-1.36232	-1.42593
0	1.73840	-0.59384
0	2.08265	-0.01676
0	1.51250	-1.45203
0	-1.12172	-1.50745
0	1.52300	-1.39635
0	1.49643	-1.43487
0	1.95977	-0.00035
0	2.04362	0.02460
0	-1.34680	-1.38203
0	-1.33649	-1.39350
0	-1.39774	-1.42354
0	2.06635	-0.01385
0	-1.38048	-1.37328
0	-1.34493	-1.38215
0	1.43265	-1.40321
0	-1.36381	-1.34845
0	-1.36063	-1.37560
1	-1.95413	-0.06169
1	1.43458	1.45416
1	0.53515	1.70705
1	-1.98332	-0.00479
1	-1.54822	1.14474
1	-2.14496	-0.02334
1	1.46189	1.51860
1	-2.11788	0.02716
1	1.01832	1.52267
1	-1.81621	0.28733
1	0.67079	1.74005
1	1.43668	1.43026
1	1.43256	1.45923
1	-0.18579	2.04218
1	-1.58204	1.45067
1	1.45142	1.43595
1	1.16768	1.46788
1	-2.02876	-0.00649
1	1.44789	1.44787
1	-1.05268	1.84599
1	1.45351	1.41166
1	1.42771	1.41850
1	-1.56211	1.35137
1	-1.62107	1.03261
1	1.10540	1.54654
1	1.06857	1.49937
1	1.39044	1.40163
1	1.19989	1.48122
1	1.44827	1.48040
1	-1.98519	0.04529
1	-1.54540	1.35056
1	1.42138	1.43488
1	-1.54841	1.03937
1	-0.03235	1.96150
1	1.39707	1.40152
1	1.45919	1.50168
1	1.45913	1.44886
1	-1.80139	0.08062
1	-2.03809	-0.00518
1	-1.55176	1.07875
1	-1.08367	1.84284
1	1.43713	1.48800
1	-2.17534	-0.00608
1	1.35019	1.42840
1	1.44089	1.47444
1	-1.07350	1.79909
1	0.03862	1.88836
1	-1.15277	1.77742
1	-1.98895	0.01583
1	-2.15894	-0.06763
1	-1.55004	1.53716
1	-2.01379	-0.03276
1	-0.67880	1.94810
1	1.51415	1.59629
1	-2.11190	-0.00788
1	-2.08564	-0.03074
1	-2.05610	-0.02485
1	-2.05124	-0.00651
1	1.45824	1.48225
1	-2.15459	-0.04656
1	-1.98188	-0.05165
1	-1.49200	1.50168
1	-1.99906	-0.03442
1	-0.00077	1.89456
1	-1.94272	-0.02764
1	-2.04481	-0.04041
1	-2.02896	-0.00138
1	-2.04814	0.01022
1	-2.07345	0.01624
1	1.40561	1.42784
1	-1.43525	1.72707
1	-1.65798	0.57575
1	1.43710	1.45024
1	-2.09312	-0.00396
1	-2.17536	-0.00860
1	-1.87412	0.10814
1	1.42396	1.40151
1	-2.02777	-0.00712
1	-1.52845	1.69788
1	1.43667	1.48219
1	-2.00838	-0.01189
1	1.50312	1.54695
1	-1.52163	1.57822
1	-0.89161	1.85262
1	0.08108	1.88496
1	-1.73499	0.60152
1	-2.06967	0.00005
1	-2.01689	-0.02315
1	0.10301	1.99730
1	-0.63152	1.98185
1	-2.25822	-0.02536
1	1.43339	1.47174
1	-2.04801	-0.00843
1	1.34052	1.39433
1	-2.05437	-0.09186
1	1.43225	1.46404
1	-1.77375	0.38556
1	-2.32816	0.00797
1	-2.08377	-0.01321
1	1.43933	1.44559
1	-2.12349	-0.03591
1	1.40383	1.40908
1	1.44248	1.48931
1	0.28179	1.86651
1	-0.16098	2.00961
1	0.67774	1.68178
1	-0.46972	2.06241
1	-0.42896	2.04127
1	-2.24889	-0.01356
1	0.12580	1.93078
1	0.48431	1.80418
1	-1.51910	1.42797
1	1.41355	1.40312
1	1.43888	1.48022
1	-2.08774	-0.00054
1	-2.11981	-0.02268
1	-0.43222	2.05378
1	1.42183	1.40673
1	-1.53210	1.40872
1	1.45280	1.52492
1	-2.09057	-0.00856
1	1.44345	1.40631
1	-0.07306	1.93855
1	-2.08639	-0.01368
1	-2.21277	0.05178
1	1.37011	1.38797
1	-1.48828	1.41296
1	-2.03259	-0.06568
1	1.45141	1.51894
1	-0.05378	1.95052
1	-2.09440	-0.01775
1	-1.73562	0.56065
1	-1.69397	0.75120
1	-2.02851	-0.01846
1	-2.05354	-0.00454
1	-1.05374	1.81949
1	-2.05304	-0.00187
1	-2.07674	-0.01412
1	-1.37007	1.81410
1	-2.14212	-0.02951
1	-2.25996	-0.02349
1	1.47906	1.56693
1	-0.58826	1.85300
1	1.40112	1.40648
1	-2.03749	0.01304
1	1.41161	1.41640
1	0.69557	1.71573
1	-2.11630	-0.04322
1	0.80174	1.60825
1	-1.49392	1.71319
1	1.35885	1.42336
1	1.42440	1.47374
1	1.42247	1.40737
1	1.45147	1.52206
1	0.44511	1.82557
1	0.62261	1.77401
1	1.42339	1.41257
1	0.91607	1.57157
1	-2.17757	0.03009
1	-1.50230	1.35564
1	-1.72486	0.63269
1	1.40762	1.43516
1	-0.11735	1.94783
1	-1.90690	-0.07878
1	-2.05721	-0.00254
1	1.48396	1.48138
1	1.40045	1.37272
1	-2.11924	-0.00548
1	1.49230	1.50798
1	-2.25738	-0.01255
1	0.59424	1.67806
1	1.46491	1.55301
1	1.44995	1.48858
1	-1.41481	1.64381
1	-2.23355	-0.02951
1	1.36307	1.42307
1	-2.00770	-0.01505
1	-1.44759	1.61831
1	-2.08089	-0.01549
1	-2.10302	-0.02596
1	1.41273	1.37917
1	-2.24235	-0.04770
1	-1.97748	-0.04464
1	-2.19454	-0.05538
1	1.37545	1.35610
1	0.95662	1.55796
1	0.91474	1.60181
1	-1.48474	1.69710
1	-1.98536	0.03140
1	-1.56937	1.24015
1	-2.08577	-0.00852
1	-2.09668	-0.01903
1	-2.02175	-0.04157
1	-0.87358	1.88571
1	-1.92111	-0.00172
1	1.43447	1.44764
1	1.42060	1.39619
1	1.41960	1.40080
1	0.04932	1.90846
1	1.43832	1.44100
1	1.45466	1.43638
1	-0.01547	1.94387
1	1.44656	1.52440
1	-1.65699	0.38347
1	-1.86210	0.04442
1	-1.69521	0.52301
1	-0.52066	2.01141
1	1.44678	1.45962
1	-1.69743	0.71358
1	-0.05397	1.98989
1	-1.50379	1.63573
1	-1.45817	1.28380
1	1.46312	1.48859
1	1.43401	1.44281
1	1.39920	1.43810
1	-0.16109	1.98620
1	-2.26679	-0.02311
1	1.46749	1.40726
1	-1.53056	1.60354
1	1.43433	1.42416
1	0.83748	1.58618
1	-2.17905	-0.04666
1	-2.20961	0.00896
1	-2.09583	-0.01462
1	-2.15437	-0.01592
1	0.04373	1.93242
1	1.45168	1.44114
1	-2.09927	0.04588
1	-2.12835	-0.02008
1	0.77648	1.69429
1	0.95622	1.59064
1	-1.55211	1.35946
1	1.42544	1.40121
1	-1.46856	1.07589
1	1.43955	1.44173
1	1.47054	1.49192
1	-2.08394	-0.02127
1	-1.88756	0.05132
1	-1.48228	1.67342
1	1.42778	1.40671
1	-0.07292	1.96866
1	-1.77131	0.46164
1	-0.98642	1.90942
1	-1.68883	0.64000
1	-1.13569	1.80372
1	0.79925	1.63188
1	0.03376	1.90699
1	-1.26046	1.77204
1	-1.96007	0.01608
1	-1.55585	1.19648
1	0.78720	1.61814
1	-1.98100	-0.04455
1	1.41010	1.42988
1	-2.08243	0.00318
1	-1.50912	1.37155
1	-2.12068	-0.01845
1	-2.05430	-0.02561
1	-1.70958	0.46685
1	-2.09403	0.02087
1	0.73476	1.59801
1	0.09122	1.96740
1	-2.04035	-0.06856
1	-2.13266	-0.05186
1	-1.44115	1.57884
1	1.43398	1.46062
1	-2.11472	-0.00731
1	1.39617	1.40745
1	-1.64644	0.80227
1	-0.11638	2.02838
1	-1.52794	1.62102
1	1.41369	1.43136
1	-2.31390	0.00928
1	-2.10784	-0.01236
1	-0.17385	2.05340
1	-1.80944	0.41029
1	-1.49862	1.21333
1	-1.50757	1.40488
1	-2.03024	-0.00550
1	-0.81210	1.89880
1	0.06715	1.91880
1	-2.14348	0.01629
1	-2.00799	-0.00892
1	-1.87792	0.07439
1	1.48855	1.57447
1	0.51994	1.81759
1	-1.62827	0.68558
1	-1.56712	1.58508
1	1.49216	1.57965
1	-1.50678	1.38552
1	1.43659	1.39828
1	1.40930	1.45723
1	1.38661	1.41524
1	-1.96894	-0.03340
1	0.16810	1.94129
1	-1.59269	1.52536
1	0.72668	1.65089
1	1.47281	1.47659
1	1.48075	1.46454
1	-1.34748	1.66408
1	-1.95875	-0.01420
1	1.44605	1.50735
1	1.42663	1.44541
1	-1.48011	1.49061
1	-1.55191	0.98670
1	-1.63623	0.96031
1	1.48110	1.49318
1	1.31310	1.40975
1	-1.45103	1.28520
1	0.48534	1.77449
1	1.44928	1.40308
1	-1.93732	-0.03007
1	1.38832	1.40994
1	0.28763	1.87115
1	-1.91278	-0.01655
1	0.89939	1.60935
1	-2.03066	-0.00612
1	-1.55690	1.28813
1	0.80874	1.58644
1	-1.85156	0.28479
1	1.40169	1.44211
1	1.46202	1.52989
1	-0.36779	2.00009
1	1.39466	1.41059
1	-1.56465	1.18361
1	-2.25902	-0.08802
1	1.44704	1.55455
1	-1.54426	1.38082
1	-1.60319	0.93657
1	-1.55820	1.08069
1	-2.04248	0.00318
1	1.37986	1.37830
1	-2.06632	0.00321
1	-2.17238	-0.00901
1	1.39651	1.43373
1	0.36541	1.76177
1	-2.07735	-0.01097
1	-2.25705	-0.04059
1	-1.63913	0.71665
1	-1.73780	0.29524
1	1.44607	1.44226
1	-1.62443	1.14028
1	1.45781	1.47758
1	1.48133	1.50171
1	-1.95634	-0.00704
1	-1.97073	-0.01928
1	1.44385	1.47519
1	-1.39214	1.72749
1	1.44496	1.41962
1	1.43204	1.45178
1	-1.66351	0.63324
1	-1.53371	1.63849
1	-2.25689	-0.03261
1	-2.13879	-0.03619
1	0.40734	1.77187
1	-0.31208	2.13380
1	-0.15073	2.01633
1	1.40610	1.39243
1	1.02761	1.56448
1	-1.52578	1.67901
1	-1.99929	-0.02391
1	-2.01627	0.02374
1	-1.89661	-0.00775
1	-0.12153	1.99439
1	-2.00448	-0.01269
1	1.43901	1.49997
1	-1.97334	-0.01178
1	-1.81795	0.01454
1	1.41079	1.40737
1	-2.10926	0.02010
1	1.46912	1.55624
1	-1.83036	0.01925
1	1.43525	1.44504
1	-2.05118	-0.00848
1	1.46878	1.41171
1	-1.94010	-0.07741
1	1.32239	1.42340
1	1.43250	1.46482
1	1.45020	1.42168
1	-1.65078	0.58209
1	0.13333	1.87989
1	1.42987	1.42915
1	-1.87770	0.28094
1	1.39512	1.43691
1	-0.07459	2.00218
1	-1.50885	1.14711
1	0.15887	1.93107
1	-2.11134	-0.02947
1	-1.29288	1.75369
1	-2.17095	0.00255
1	1.37713	1.44107
1	-1.48240	1.29877
1	1.39353	1.42255
1	-0.20754	2.02691
1	-1.79408	0.23056
1	1.38025	1.44985
1	-1.74489	0.22800
1	-2.11644	-0.02161
1	1.40695	1.43600
1	0.14958	1.92991
1	-2.07491	0.00338
1	0.13313	1.91944
1	1.42763	1.51550
1	-1.52550	1.22084
1	-1.50900	1.67999
1	-1.90764	0.06555
1	-2.09760	0.00448
1	1.47393	1.39220
1	1.45895	1.44454
1	1.38100	1.40656
1	-0.01057	1.95067
1	0.23881	1.89477
1	-1.49397	1.30424
1	-1.78581	-0.00397
1	-0.70352	1.99593
1	1.24409	1.39978
1	-1.61156	1.57053
1	1.46718	1.49225
1	-1.53693	1.20141
1	-1.52715	1.20501
1	-0.09101	1.99313
1	-2.03424	-0.03935
1	-1.79367	0.29932
1	-2.21037	-0.08253
1	-0.26089	2.03017
1	1.43288	1.46281
1	-1.97361	-0.02865
1	1.47444	1.59026
1	-1.96775	0.00405
1	1.39890	1.40242
1	1.46949	1.47434
1	-1.51000	1.23086
1	1.46587	1.43698
1	1.45395	1.44612
1	1.43701	1.45880
1	-2.16379	-0.01794
1	-2.11637	-0.03334
1	1.43580	1.46783
1	1.39877	1.40768
1	-2.14929	-0.00090
1	-2.00689	-0.02003
1	1.41260	1.45234
1	-1.20652	1.74761
1	-1.68769	0.55552
1	-1.99833	-0.06134
1	-1.93123	-0.02831
1	-1.52075	1.25720
1	-2.06499	-0.03843
1	-2.10306	-0.01608
1	1.42446	1.45590
1	-1.70845	0.66937
1	-0.40007	1.97920
1	-2.11693	-0.01497
1	1.38093	1.38654
1	-2.09143	-0.02311
1	-1.65404	0.75189
1	-2.06431	0.00213
1	-1.52044	1.55809
1	-1.78327	0.21123
1	0.80211	1.65576
1	-0.34372	1.99502
1	-2.09278	0.05293
1	1.44249	1.43563
1	0.60692	1.76838
1	-1.41683	1.71130
1	-2.18171	-0.03522
1	-1.53185	1.18356
1	-0.01752	1.98916
1	1.43233	1.48124
1	1.38979	1.40221
1	-2.04152	-0.04294
1	-1.99731	-0.02126
1	-0.77969	1.85414
1	1.41592	1.41466
1	-1.54240	1.26842
1	-2.12416	-0.00335
1	1.39545	1.43420
1	1.42331	1.39564
1	1.40828	1.46391
1	1.19620	1.50993
1	-2.14848	-0.01645
1	-2.03809	-0.00203
1	-2.23650	-0.00454
1	1.16773	1.45700
1	-1.58159	1.37491
1	-1.77953	0.14135
1	0.63184	1.70865
1	-2.14538	0.00532
1	1.40872	1.41807
1	-2.04318	-0.00275
1	-1.99653	-0.00003
1	-2.07259	-0.02995
1	0.55511	1.74894
1	-2.11271	-0.01987
1	1.43376	1.48179
1	-1.64022	0.67573
1	-1.55002	0.97644
1	-1.74369	0.56478
1	1.48360	1.44883
1	0.10601	1.94696
1	1.42835	1.42802
1	-2.15042	-0.01981
1	-1.51708	1.59077
1	1.40848	1.45902
1	1.42977	1.45791
1	-2.13630	-0.02947
1	-1.80016	0.31183
1	-2.09766	-0.02845
1	1.40363	1.42246
1	-1.82701	0.20565
1	-1.50173	1.69605
1	-2.10162	-0.03888
1	-1.70930	0.57244
1	-1.56101	1.53703
1	1.41775	1.39771
1	1.37517	1.39346
1	-1.86767	0.08691
1	-0.28545	2.09713
1	-1.09808	1.83191
1	-1.91912	0.01896
1	1.42864	1.44007
1	-2.07314	-0.00432
1	1.40458	1.41907
1	-1.51970	1.35295
1	-1.47676	1.54258
1	-1.62946	0.90900
1	1.37836	1.44388
1	1.41700	1.41616
1	1.31935	1.43341
1	-1.69438	0.39998
1	-1.53565	1.13705
1	-2.18397	-0.00859
1	-1.13793	1.80671
1	-1.87620	0.13311
1	-1.67953	0.68561
1	-1.64281	0.65004
1	-0.40241	1.93878
1	1.46950	1.53122
1	-2.11645	-0.03303
1	-1.37757	1.80196
1	-2.08055	-0.01589
1	1.38629	1.37619
1	0.20989	1.90593
1	-0.53881	1.90174
1	1.42932	1.43833
1	-2.17805	0.00509
1	-0.82337	1.95872
1	1.38631	1.47733
1	-1.72896	0.24744
1	-2.00483	-0.01710
1	-1.99393	-0.04048
1	-2.09297	-0.01897
1	1.41378	1.49076
1	-2.09859	-0.04071
1	-1.67107	0.71069
1	-1.51684	1.17015
1	-2.03022	-0.04761
1	-2.09956	0.03031
1	-2.06821	-0.01519
1	1.37705	1.42043
1	-1.08131	1.85030
1	-1.56402	1.60410
1	-1.54880	1.45329
1	1.41014	1.39119
1	-1.53215	1.33028
1	-1.50746	1.32439
1	1.41228	1.47262
1	-1.80207	0.13074
1	-1.97659	-0.02545
1	-2.06440	0.00454
1	-2.06203	0.00367
1	-1.56355	1.24080
1	1.47491	1.51955
1	-1.52994	1.41177
1	1.41615	1.37178
1	-2.02753	-0.01964
1	-1.93754	0.00419
1	1.41647	1.42321
1	1.40447	1.43941
1	-1.52519	1.71840
1	-2.06468	-0.00453
1	-0.36599	1.91664
1	-2.03166	-0.02161
1	1.49282	1.40581
1	1.42793	1.47451
1	1.40394	1.42779
1	-2.09135	0.00644
1	1.40736	1.40665
1	-1.98819	0.00891
1	-1.81978	0.11357
1	1.44569	1.54590
1	1.45776	1.49351
1	0.64462	1.72898
1	-1.50297	1.65244
1	-1.69100	0.32283
1	1.43697	1.46832
1	-2.09417	-0.04139
1	1.10289	1.49264
1	0.18913	1.90824
1	1.42143	1.47297
1	-1.63811	0.89062
1	-2.01188	-0.03146
1	-2.05871	0.02287
1	-2.06908	-0.04586
1	-2.06421	0.01164
1	-1.59273	0.88880
1	-1.95794	-0.02455
1	1.38142	1.42589
1	1.39425	1.42738
1	1.42935	1.44744
1	-2.21062	-0.04369
1	1.40625	1.43104
1	0.54435	1.76138
1	-0.13395	2.02121
1	1.43209	1.42206
1	-2.04217	-0.04850
1	1.44985	1.42793
1	1.44770	1.41907
1	1.45349	1.43854
1	-1.47979	1.44650
1	0.56744	1.75347
1	-2.09258	-0.00981
1	-2.10068	-0.03421
1	-1.52870	1.04693
1	-1.11582	1.86218
1	-1.95670	0.01236
1	1.47264	1.51184
1	-2.20062	-0.03751
1	-0.45716	2.01583
1	-0.66714	1.96195
1	1.47611	1.42677
1	-1.46280	1.24420
1	-0.05236	1.92005
1	1.43416	1.42277
1	-2.07545	-0.03348
1	-1.65864	0.55661
1	-1.98994	-0.04398
1	-1.60481	1.46442
1	0.09385	1.89844
1	-1.56355	1.18681
1	1.38732	1.42107
1	-2.10311	-0.00603
1	-1.55664	1.56272
1	1.40251	1.36746
1	0.87578	1.49942
1	-2.15733	0.02167
1	-0.54405	2.01160
1	-1.50368	1.64326
1	0.63886	1.71308
1	-0.53988	1.92187
1	1.31180	1.40156
1	-2.02744	0.02497
1	1.44634	1.49641
1	-0.99805	1.84929
1	1.30420	1.43845
1	-2.04783	-0.03192
1	1.46293	1.49137
1	-2.21625	0.01119
1	1.30439	1.40159
1	1.47693	1.47630
1	1.07684	1.52225
1	-1.54385	1.50275
1	-1.78844	0.40564
1	-2.08361	-0.03388
1	1.41904	1.46656
1	0.06205	1.95363
1	1.42288	1.43745
1	-1.96997	0.00599
1	-2.16612	-0.00045
1	-2.11684	0.00141
1	-2.08916	-0.02468
1	-2.07814	-0.03410
1	-1.29160	1.75801
1	-1.99312	-0.01954
1	-0.89840	1.91456
1	-1.56859	1.20715
1	0.83533	1.57282
1	-2.05404	-0.02333
1	1.50283	1.53568
1	-1.55608	1.60849
1	-1.02933	1.81764
1	-0.71918	1.88398
1	-2.26731	0.03465
1	-2.10720	-0.00922
1	-2.20574	0.01586
1	-1.74020	0.43941
1	-1.78161	0.25108
1	-2.05111	-0.04998
1	-1.54611	1.52952
1	1.44268	1.50227
1	-1.46242	1.63546
1	-1.92797	-0.01945
1	-1.10741	1.81509
1	1.44672	1.41860
1	1.40790	1.37681
1	-1.62618	0.77607
1	-1.55538	1.22951
1	1.43774	1.48222
1	-1.97933	-0.02074
1	0.46904	1.79763
1	-2.00967	-0.00565
1	-1.92764	-0.04510
1	-2.02804	-0.02079
1	-0.88021	1.82604
1	-2.01442	-0.02634
1	0.06504	1.95759
1	0.52355	1.78486
1	1.40903	1.39817
1	-0.17352	2.02977
1	1.44324	1.51347
1	-1.87506	0.12025
1	-2.27217	-0.03868
1	1.44324	1.39913
1	-1.56828	1.33719
1	1.42138	1.43637
1	-1.94755	-0.05299
1	-1.87343	0.05730
1	1.42239	1.47790
1	1.40180	1.41339
1	1.43948	1.46530
1	1.48864	1.60531
1	-2.09044	-0.00260
1	-1.68334	0.71978
1	-1.53881	1.14840
1	-2.07459	0.01538
1	-2.07453	0.01550
1	-2.04797	-0.00523
1	1.48071	1.44872
1	-1.98144	-0.01418
1	1.45659	1.42205
1	-2.05877	-0.03649
1	1.47701	1.54153
1	-1.63261	1.65495
1	1.43410	1.45996
1	0.03191	1.93240
1	-2.08389	-0.02230
1	-2.10192	-0.04579
1	1.30721	1.41656
1	1.41487	1.41795
1	-2.30332	-0.01083
1	-2.03893	-0.00167
1	-1.98175	-0.04421
1	1.44325	1.47709
1	-0.08044	1.94855
1	-2.04709	-0.04055
1	-1.54781	1.40207
1	-2.01868	-0.01354
1	-1.92991	0.01553
1	1.22094	1.45022
1	-0.45631	1.92339
1	1.44433	1.48202
1	-0.59166	1.90587
1	-1.97970	-0.01712
1	-2.13491	0.02401
1	-2.17290	-0.02373
1	-0.12881	1.95628
1	-1.52249	1.65973
1	1.42637	1.53936
1	-2.07576	0.00099
1	0.08696	1.89981
1	-1.53546	1.73034
1	-2.06394	-0.01992
1	-1.19322	1.79534
1	-1.72410	0.41337
1	1.40744	1.43183
1	-1.45137	1.24257
1	1.44523	1.42820
1	-2.09866	-0.04387
1	-2.00491	0.00797
1	-1.52421	1.35286
1	-1.57128	1.52164
1	0.94612	1.55882
1	1.43873	1.40121
1	0.09712	1.93747
1	1.40938	1.40058
1	-2.09677	0.01719
1	1.42207	1.46025
1	-1.71263	0.52109
1	1.47934	1.50464
1	-1.70620	0.61617
1	1.40894	1.38175
1	1.42243	1.41220
1	-1.47952	1.74000
1	-1.53312	1.37931
1	-1.52974	1.30736
1	1.44568	1.51243
1	0.37221	1.80278
1	1.44182	1.41559
1	-1.56179	1.53786
1	0.95003	1.58058
1	-0.05565	2.00430
1	1.43984	1.46346
1	1.36370	1.40850
1	-1.78101	0.39467
1	0.74313	1.63144
1	-2.11575	-0.03315
1	1.42871	1.45809
1	1.43559	1.48517
1	-1.53059	1.38311
1	-0.37506	2.06020
1	-2.08167	-0.04271
1	-2.01683	0.00281
1	-2.06697	0.00925
1	-1.82218	0.04548
1	-1.75060	0.55413
1	1.42905	1.44936
1	1.38062	1.38458
1	-2.04980	-0.02780
1	-2.07510	0.01949
1	1.43610	1.44871
1	-1.82065	0.44164
1	1.37741	1.37998
1	-1.73867	0.50726
1	-1.54504	1.45523
1	-1.47883	1.77782
1	1.45452	1.46530
1	-1.83115	0.05306
1	-1.78668	0.33935
1	1.44897	1.49400
1	-2.18722	0.00442
1	-0.41390	1.94951
1	-2.11906	-0.00694
1	-1.92856	0.05182
1	-1.49094	1.72640
1	-1.86422	0.02079
1	1.43890	1.45201
1	1.36934	1.40650
1	-0.91305	1.91806
1	-2.09051	0.02869
1	-1.73042	0.33777
1	1.41774	1.44344
1	-1.55864	1.63271
1	-1.95384	0.01128
1	-1.52300	1.11453
1	-0.22243	2.06520
1	1.37831	1.43354
1	-1.38693	1.70963
1	-1.60027	0.89894
1	-1.75606	0.36442
1	-1.51019	1.10531
1	1.45068	1.40513
1	1.50620	1.47554
1	1.44627	1.47228
1	1.46590	1.45062
1	1.09251	1.49854
1	-1.51797	1.23048
1	-2.09668	0.01283
1	0.71539	1.64140
1	-1.86516	0.19732
1	-0.10631	1.98785
1	-0.38891	2.08418
1	1.27238	1.42985
1	-2.02807	-0.01341
1	0.80017	1.61948
1	1.00833	1.54694
1	-1.39387	1.12027
1	-1.96087	0.00173
1	-0.91167	1.85833
1	1.46114	1.42672
1	-1.85374	-0.04391
1	-0.13468	2.00369
1	-1.98397	0.01092
1	-1.56521	1.51561
1	-2.19283	0.03222
1	-2.10577	0.04798
1	1.45308	1.48274
1	-1.52841	1.37263
1	-1.54692	0.92146
1	1.50766	1.52786
1	0.34467	1.81310
1	-1.57537	1.48101
1	1.41633	1.46826
1	-2.04932	-0.03323
1	-2.08779	-0.00070
1	1.37743	1.39910
1	-2.25573	-0.01491
1	-2.01693	-0.03463
1	-2.13804	-0.04735
1	-1.05998	1.74401
1	-2.19131	-0.03000
1	-1.54614	1.51696
1	-0.45243	1.99169
1	1.37318	1.40209
1	-1.56274	1.42169
1	1.13322	1.47055
1	1.41235	1.43383
1	1.00466	1.56645
1	0.65863	1.76597
1	1.42248	1.41608
1	1.46268	1.47411
1	-2.12613	-0.01354
1	-1.30039	1.70908
1	-2.19713	0.02629
1	1.40968	1.41978
1	-2.06336	0.00106
1	-2.01338	0.01210
1	1.45864	1.50865
1	1.44253	1.46532
1	1.34212	1.45202
1	-1.14179	1.75438
1	1.11440	1.47860
1	-2.14843	0.00579
1	-1.65075	0.66271
1	0.97684	1.52124
1	-1.35477	1.73765
1	-0.82008	1.89666
1	-1.59137	1.01084
1	1.36918	1.38306
1	0.92027	1.59037
1	-1.03462	1.91783
1	-0.28274	1.95612
1	0.82962	1.60366
1	-0.03593	1.97088
1	-1.60652	1.18097
1	1.40256	1.42800
1	1.43003	1.39129
1	-2.12078	0.00098
1	1.47449	1.47703
1	-1.95238	-0.02507
1	1.44269	1.43177
1	0.31559	1.91055
1	-2.21534	-0.07015
1	-1.53865	1.29970
1	-2.07785	-0.03888
1	-2.29228	-0.01886
1	1.43128	1.43268
1	-0.69052	1.89750
1	-1.95604	0.02751
1	-1.55499	1.58147
1	1.44883	1.51558
1	-1.54142	1.60905
1	-2.05483	-0.03068
1	0.52606	1.79282
1	-0.10033	1.95691
1	-2.06481	0.00062
1	-1.52487	1.43404
1	-2.04902	-0.00162
1	-0.84963	1.80524
1	0.64752	1.74524
1	1.44885	1.55025
1	-2.00415	-0.02864
1	-1.54910	1.39805
1	1.43087	1.44094
1	-1.87303	-0.04229
1	-1.91676	0.01695
1	-1.95334	-0.00008
1	0.88916	1.57708
1	-0.13516	2.02402
1	1.05268	1.50900
1	1.42310	1.43020
1	-1.86462	-0.04540
1	-1.76054	0.45792
1	-1.49128	1.65989
1	1.52819	1.45911
1	1.46384	1.50010
1	-1.79573	0.24892
1	-0.20106	1.98833
1	-2.00092	-0.03588
1	1.47945	1.44675
1	-2.07986	0.01515
1	-1.52379	1.36987
1	-2.01958	-0.00957
1	-2.13443	-0.01510
1	1.42929	1.51157
1	1.00709	1.48975
1	-2.25497	-0.03339
1	-1.57506	0.95231
1	-2.05225	0.00272
1	1.45823	1.47430
1	0.84187	1.61359
1	-1.45565	1.27375
1	-2.12500	-0.00643
1	-1.53117	1.17373
1	1.43992	1.41769
1	1.44591	1.50071
1	-0.57674	1.99304
1	0.12363	1.91075
1	-1.48653	1.48373
1	1.41425	1.39009
1	1.42569	1.39145
1	0.68742	1.65356
1	1.42218	1.43638
1	1.45255	1.46585
1	-1.94037	-0.03242
1	-2.00174	-0.00833
1	-1.71916	0.46982
1	-1.45923	1.71792
1	-2.05180	-0.03402
1	0.63392	1.67218
1	-2.11336	-0.01139
1	0.73936	1.65670
1	1.44586	1.46453
1	1.46974	1.40631
1	1.39351	1.36034
1	-2.06615	0.00999
1	-1.54298	1.15258
1	1.42081	1.44697
1	-0.05795	1.97671
1	-1.50494	1.47819
1	-2.02248	-0.01450
1	-0.36859	1.99277
1	-1.54963	1.41250
1	1.45322	1.46778
1	-1.97717	-0.03385
1	-1.42214	1.67483
1	-1.97060	-0.01335
1	-2.06114	-0.05179
1	-1.51123	0.93201
1	-1.06564	1.82868
1	-2.15721	0.00809
1	-2.05594	-0.02882
1	1.44304	1.44266
1	1.31287	1.41516
1	-1.63238	0.71111
1	-1.59249	1.19757
1	-2.22844	-0.04168
1	-1.54461	1.01343
1	-1.48613	1.56796
1	1.07008	1.51648
1	1.42082	1.43038
1	-0.97790	1.89971
1	0.75068	1.60223
1	-1.94436	0.05305
1	1.44713	1.45016
1	1.44972	1.40287
1	-1.64370	1.47179
1	-1.94785	-0.03784
1	1.44642	1.49132
1	1.00309	1.55870
1	-0.01998	1.97114
1	1.44866	1.48885
1	1.44459	1.46938
1	-1.74916	0.24714
1	-1.63901	0.53633
1	-0.67777	1.96344
1	0.06711	1.94773
1	-1.29200	1.73104
1	-0.29771	2.08770
1	1.35930	1.41843
1	-1.62653	0.79143
1	-2.03617	-0.01940
1	-1.57586	1.30807
1	-1.51441	1.39296
1	1.39560	1.42561
1	1.42695	1.42802
1	1.42753	1.44910
1	-2.06645	0.00230
1	0.01413	1.94282
1	-2.04113	-0.00507
1	-2.05277	-0.01706
1	-1.82113	-0.03827
1	1.43017	1.37854
1	0.13704	1.95928
1	-1.98826	-0.00417
1	-1.53852	0.99090
1	-1.93528	-0.04292
1	1.43568	1.48975
1	1.46695	1.43295
1	-1.50994	1.08085
1	0.59517	1.72600
1	-1.51190	1.52844
1	1.38211	1.41149
1	0.18597	1.88663
1	-1.51885	1.01684
1	-1.57736	0.94721
1	0.29758	1.93903
1	-1.03654	1.75851
1	-1.48549	1.58741
1	-1.82732	0.12918
1	-2.02170	-0.01541
1	-1.49314	1.01339
1	-2.03775	0.01254
1	1.41661	1.42716
1	-1.91664	-0.05403
1	1.42955	1.43583
1	-1.53413	1.50062
1	-1.99177	0.01790
1	-2.09944	0.00617
1	-2.06753	-0.05911
1	-2.20992	-0.04529
1	1.45540	1.45516
1	-2.29307	-0.02180
1	0.26886	1.87593
1	1.41446	1.39406
1	-1.96964	-0.06667
1	0.21213	1.96119
1	0.87082	1.58661
1	-1.52685	1.31913
1	1.49312	1.53601
1	-2.13908	-0.02004
1	-2.16171	-0.00669
1	-1.53715	1.17362
1	-2.00929	-0.06177
1	1.39154	1.42913
1	0.56268	1.69480
1	-1.56145	1.58514
1	1.47950	1.58904
1	1.39452	1.41518
1	1.46871	1.43941
1	-2.04217	0.02384
1	-2.06103	-0.02060
1	-2.00809	-0.02828
1	-1.74730	0.50036
1	-1.18140	1.73462
1	1.14962	1.46925
1	1.19689	1.44193
1	1.43639	1.47063
1	-2.08822	-0.05746
1	1.40780	1.37612
1	-2.00001	-0.02918
1	-2.09590	0.00519
1	-2.06415	-0.00231
1	0.66576	1.73663
1	1.41704	1.40541
1	-1.51036	1.12663
1	-1.48421	1.38280
1	-0.26144	2.06872
1	-2.14202	-0.00568
1	-1.57104	1.43749
1	-0.64699	1.98668
1	-1.99380	-0.04433
1	1.45247	1.46806
1	-0.67892	1.91681
1	-1.75806	0.42193
1	-0.57338	1.95012
1	1.43760	1.46829
1	0.58541	1.73813
1	-1.39436	1.71265
1	-1.54228	0.91985
1	-2.06429	-0.03204
1	0.03071	1.95661
1	1.46075	1.45761
1	1.41512	1.43537
1	-0.27935	2.10565
1	-1.52962	1.55300
1	-0.13379	2.01856
1	-1.55900	1.33070
1	-1.47342	1.40735
1	-1.68299	0.60779
1	-1.96539	0.02438
1	-1.38048	1.37443
1	-1.98368	-0.02420
1	-2.16023	-0.00712
1	0.80497	1.67483
1	1.44709	1.41379
1	-2.05388	-0.02132
1	-2.04167	-0.03111
1	-2.06129	-0.01752
1	0.14156	1.88128
1	-1.58885	0.89484
1	1.35159	1.42626
1	1.43749	1.39899
1	-2.21748	-0.06054
1	-2.14851	0.00815
1	-1.60879	1.04697
1	1.47222	1.47541
1	-1.62261	0.83351
1	1.43743	1.46940
1	1.43914	1.49955
1	-2.11549	-0.01536
1	-2.06397	-0.02867
1	-0.01663	1.95784
1	1.43818	1.51707
1	-1.50747	1.53050
1	-2.10591	0.01204
1	1.47317	1.48323
1	1.42382	1.48642
1	-2.08736	-0.04450
1	-2.11983	-0.02520
1	1.42707	1.38918
1	1.50661	1.46067
1	-1.39304	1.60823
1	-1.97786	-0.03184
1	-1.09780	1.80632
1	-2.02784	-0.02748
1	-2.25197	-0.03151
1	0.89936	1.60579
1	-2.08214	-0.04148
1	-2.11948	-0.03634
1	-1.57595	1.38784
1	1.27017	1.42288
1	-1.83729	0.05906
1	-1.65799	0.74200
1	-0.00047	1.94362
1	-1.57048	1.42867
1	-1.48187	1.25581
1	-1.88896	0.04388
1	-1.62132	0.90708
1	-0.45088	2.03281
1	-1.64894	0.69292
1	-2.12785	-0.03477
1	-1.80197	0.28334
1	-1.96317	-0.03322
1	1.37653	1.37671
1	-0.15034	1.97584
1	-1.38835	1.67806
1	-2.08178	-0.03102
1	-2.03724	0.03091
1	-2.13165	-0.03882
1	0.11197	1.96570
1	1.34436	1.43668
1	-2.14487	0.03500
1	-2.11055	-0.01679
1	-1.18652	1.77192
1	1.37611	1.38721
1	-2.03410	-0.04343
1	-1.64753	0.75469
1	0.63844	1.69860
1	-0.60887	1.91781
1	-2.13287	-0.00386
1	1.43286	1.42025
1	-0.54761	1.95002
1	1.43996	1.39936
1	-2.18591	-0.02754
1	1.48554	1.40507
1	-1.93725	-0.04887
1	-2.23082	-0.02488
1	-1.96817	0.00314
1	-1.94455	0.03871
1	1.44409	1.41002
1	-2.10074	0.00620
1	-2.04608	0.00540
1	-1.55803	1.25050
1	-1.99819	0.00042
1	-1.68757	0.66808
1	1.41926	1.44672
1	0.41627	1.80814
1	-1.97076	-0.02393
1	1.43411	1.43567
1	1.45493	1.50646
1	-1.75513	0.35594
1	0.79234	1.62749
1	-1.52811	1.54908
1	1.39746	1.45994
1	-1.57650	1.37747
1	-1.50994	1.24251
1	-1.83426	0.31553
1	0.22327	1.87603
1	1.42575	1.45176
1	-1.44667	1.30031
1	1.10470	1.52685
1	-2.07997	0.00921
1	-2.04308	-0.00768
1	1.49666	1.54310
1	-1.49849	1.72906
1	-1.54875	1.14080
1	1.36176	1.38851
1	-0.44014	1.95628
1	0.57174	1.82082
1	-1.97748	-0.06189
1	-1.51793	1.23452
1	1.41314	1.39001
1	-0.30324	2.07055
1	1.41714	1.43142
1	1.44701	1.44390
1	-2.04244	-0.02463
1	-2.00565	-0.04798
1	0.20942	1.91727
1	-2.17402	-0.02788
1	-0.14849	2.00529
1	-2.01637	-0.05713
1	-1.98345	-0.03548
1	0.68787	1.62084
1	-2.27602	-0.00892
1	-2.06462	0.00486
1	-1.04457	1.85736
1	1.45068	1.40752
1	-2.02323	0.00016
1	-1.48203	1.68508
1	0.11165	1.92195
1	-1.85730	0.11016
1	-0.04735	1.93896
1	1.43960	1.40822
1	-2.02088	0.05012
1	-1.99660	-0.03193
1	0.19985	1.89986
1	1.40038	1.38647
1	1.41027	1.38785
1	1.37118	1.38273
1	0.65869	1.65607
1	1.44584	1.46585
1	-0.23516	1.99573
1	-1.70065	0.55217
1	-2.03789	0.00056
1	-2.02624	-0.04486
1	-1.51033	1.56945
1	-1.20926	1.74240
1	-1.94311	0.04726
1	-0.79492	1.79506
1	1.43591	1.47795
1	1.33210	1.42825
1	-1.52438	1.63489
1	-1.97099	-0.02301
1	0.35928	1.86874
1	1.43637	1.48670
1	1.42999	1.44044
1	1.41135	1.43127
1	-2.17074	-0.03927
1	1.43883	1.47531
1	-1.63176	0.93787
1	-2.02220	-0.00092
1	-1.48394	1.56307
1	-1.72882	0.56462
1	-1.50549	1.48663
1	-1.49387	1.46496
1	-1.54726	1.00673
1	-1.54978	1.06961
1	-2.03110	0.00045
1	-2.01196	-0.01287
1	0.46926	1.71790
1	-1.61932	0.87097
1	-1.44900	1.45685
1	-2.05857	-0.00283
1	-0.30239	2.06655
1	1.43851	1.42700
1	-2.07125	-0.06281
1	1.48897	1.46285
1	-0.78875	1.87891
1	-1.47826	1.76380
1	-1.56687	1.11788
1	-2.01819	-0.04604
1	-1.68695	0.63203
1	1.39612	1.40236
1	-2.09681	0.00291
1	-2.22156	-0.05553
1	-2.09365	-0.01104
1	0.00425	1.90441
1	-2.12081	-0.01668
1	1.39927	1.39896
1	-2.02735	-0.05588
1	-1.88375	-0.01255
1	-2.12422	0.01329
1	-0.17011	1.96933
1	-1.47712	1.25136
1	-1.90735	-0.01362
1	-1.51610	1.08677
1	1.43560	1.49613
1	-1.53688	1.17651
1	-1.99377	-0.02690
1	-1.96641	-0.02700
1	1.47149	1.48699
1	0.72089	1.61376
1	1.43379	1.48115
1	0.96106	1.55075
1	-1.57567	1.58336
1	-1.58413	0.90722
1	0.16986	1.93806
1	-2.10771	-0.01119
1	-0.55781	1.96128
1	1.40374	1.38804
1	-1.48446	1.63245
1	-1.54683	1.30669
1	-0.62567	1.93466
1	1.34883	1.44034
1	-2.05631	-0.06032
1	1.42144	1.40130
1	1.47834	1.54423
1	1.44900	1.50336
1	-1.61082	0.90364
1	1.41453	1.46669
1	0.69338	1.64733
1	1.38188	1.37648
1	-0.26937	2.04382
1	1.43652	1.42052
1	-1.47367	1.60658
1	0.83898	1.63630
1	-2.04974	-0.04210
1	-0.03081	1.98224
1	1.36175	1.37772
1	-2.06460	0.00557
1	-1.10232	1.85205
1	-1.72292	0.53249
1	-2.01845	-0.02218
1	1.40897	1.37046
1	-1.80641	0.07095
1	0.24167	1.88656
1	1.45069	1.55104
1	-0.07557	2.03168
1	1.43605	1.45902
1	-1.83713	0.09120
1	-0.68970	1.88528
1	0.87740	1.62600
1	-1.97762	-0.00964
1	-1.56201	1.09852
1	-2.01612	0.00806
1	1.47374	1.44546
1	1.42143	1.43664
1	-1.81520	0.02601
1	-1.44722	1.42326
1	-2.06744	0.02386
1	1.47350	1.44835
1	-1.99550	-0.00772
1	-1.50659	1.16283
1	1.42454	1.42423
1	-1.74334	0.38001
1	-0.32157	2.04876
1	1.44219	1.39099
1	0.16930	1.93335
1	1.43143	1.39880
1	1.44954	1.49330
1	-2.18482	-0.05899
1	-0.23057	2.02406
1	-2.05310	-0.02274
1	1.46761	1.53189
1	1.46649	1.47096
1	-1.78311	0.19956
1	-2.00956	-0.01214
1	1.37862	1.40397
1	-0.60779	1.97566
1	1.42205	1.43025
1	0.96280	1.62035
1	-2.09952	-0.02227
1	1.47559	1.48780
1	1.45742	1.46221
1	1.07166	1.57564
1	-2.19668	-0.06857
1	-2.16662	-0.05277
1	1.43967	1.44756
1	-1.55097	1.01003
1	-1.52714	1.12069
1	1.41093	1.46242
1	-2.00248	0.01091
1	-2.19804	0.01597
1	1.40801	1.40778
1	1.43067	1.47965
1	-1.44888	1.73831
1	1.39848	1.45324
1	1.41535	1.38512
1	-1.89532	-0.00084
1	-2.06696	-0.00571
1	-2.06988	-0.02393
1	1.42053	1.38710
1	-2.11146	0.00710
1	-2.30687	-0.00354
1	1.43096	1.50258
1	0.23287	1.90300
1	-1.48979	1.74968
1	-2.09308	-0.04857
1	1.41212	1.34253
1	1.45338	1.48903
1	0.55353	1.72088
1	-0.43155	2.00898
1	-1.74251	0.44504
1	-2.23864	-0.05084
1	0.28398	1.84550
1	1.42883	1.47430
1	-1.87098	0.11028
1	-1.65848	0.82118
1	-2.16633	-0.01213
1	-1.68830	0.63053
1	-0.07700	1.98575
1	1.20497	1.45790
1	-1.45996	1.47205
1	-2.10934	-0.01343
1	-1.71652	0.47016
1	-2.02390	-0.04766
1	-2.04058	-0.00926
1	-1.50507	1.20119
1	-2.03436	-0.00883
1	-1.51862	1.14817
1	1.46014	1.46704
1	1.40692	1.41111
1	-0.55437	1.98026
1	-2.16693	-0.06967
1	0.18039	1.93701
1	-0.85603	1.83676
1	-1.75249	0.32071
1	1.45570	1.48225
1	-0.56544	1.96796
1	-1.59606	1.62160
1	-2.13522	-0.02442
1	0.39886	1.83839
1	-0.11442	1.98465
1	-1.51570	1.35056
1	-1.54674	0.97797
1	-1.72260	0.36534
1	1.49018	1.51367
1	0.25220	1.84943
1	-1.33450	1.67705
1	-2.18552	-0.00719
1	-2.15766	-0.01194
1	-0.20613	2.06388
1	1.39291	1.40857
1	1.40601	1.37752
1	-1.09815	1.85253
1	1.46632	1.46794
1	1.42471	1.37831
1	0.16664	1.90566
1	1.01914	1.56256
1	1.41278	1.43418
1	-2.05343	-0.03687
1	1.37490	1.39784
1	-1.47327	1.45276
1	1.32993	1.38131
1	-2.19754	-0.01816
1	-1.93198	0.00876
1	1.40495	1.39796
1	1.44848	1.42064
1	-2.01902	-0.04517
1	0.57398	1.76615
1	1.43962	1.43298
1	-2.04200	-0.06820
1	-1.76374	0.12475
1	1.44646	1.47256
1	-2.13767	0.00222
1	-2.14284	-0.03063
1	-2.24614	-0.06004
1	0.50534	1.77013
1	1.43340	1.37969
1	-2.07598	0.00182
1	1.42723	1.43143
1	1.41374	1.46066
1	-0.48337	2.00873
1	1.47830	1.41153
1	1.39465	1.39136
1	-2.10812	0.00550
1	-2.15337	-0.04537
1	-1.87223	0.00334
1	1.43412	1.48562
1	1.38815	1.39870
1	1.39629	1.40016
1	1.39639	1.42803
1	0.77044	1.70645
1	1.44460	1.41663
1	1.45627	1.45111
1	1.07381	1.52358
1	-2.31577	0.00145
1	-1.49805	0.99352
1	-1.56882	1.20051
1	-0.96049	1.80615
1	-1.07242	1.84544
1	-1.74012	0.49001
1	-2.12387	-0.02178
1	1.18363	1.50743
1	-1.97861	-0.02453
1	1.38373	1.43646
1	-2.12760	0.00239
1	-1.89023	0.04014
1	1.41058	1.44921
1	0.09501	1.98916
1	-1.52725	0.99898
1	-1.53239	1.42508
1	1.43167	1.49469
1	-2.18963	-0.01132
1	0.45162	1.75214
1	0.88872	1.64409
1	-1.94437	0.08291
1	1.45638	1.49288
1	-2.05780	0.00893
1	-0.25395	2.04440
1	1.41146	1.42607
1	-1.72944	0.51209
1	1.27595	1.46329
1	-0.61441	1.88230
1	1.43464	1.43214
1	-1.48824	1.05656
1	1.34565	1.37156
1	1.35595	1.41734
1	1.36533	1.42488
1	-0.98603	1.80354
1	-2.14932	-0.02404
1	-1.78297	0.33275
1	-1.73687	0.33253
1	-1.49602	1.56411
1	-2.23200	-0.02763
1	-2.21349	-0.06231
1	-1.53289	1.34269
1	1.41471	1.47113
1	1.44601	1.40697
1	-1.71284	0.69516
1	1.24206	1.42840
1	-2.05184	0.01558
1	1.27040	1.41271
1	0.97375	1.58727
1	-1.55816	1.12304
1	-1.75919	0.40681
1	-0.06185	2.00949
1	1.43277	1.43252
1	-1.97547	-0.05384
1	-1.95626	-0.05206
1	-2.11153	-0.00183
1	1.37715	1.38891
1	1.37940	1.41391
1	-2.05462	-0.06088
1	-1.46663	1.48812
1	1.37745	1.41532
1	-1.49506	1.27360
1	-1.94656	0.02865
1	-1.50301	1.49851
1	-0.01268	1.98174
1	-1.99916	0.00709
1	-1.93527	-0.02152
1	-2.22420	0.00248
1	-1.99798	0.00354
1	-0.13782	1.98503
1	1.42564	1.44094
1	-0.03421	1.98720
1	-1.50407	1.68632
1	1.43174	1.42398
1	1.46742	1.52223
1	0.17700	1.90808
1	-1.74720	0.57246
1	-2.10486	-0.03073
1	-1.54966	1.26512
1	-1.50933	1.26463
1	-1.50900	1.21996
1	-1.52453	1.35447
1	-2.14566	-0.01435
1	-1.52417	1.37496
1	1.42382	1.37326
1	-2.12678	-0.03493
1	-0.57023	1.92404
1	1.46037	1.52107
1	1.48353	1.42192
1	-2.04885	-0.02801
1	-0.62140	2.00258
1	-0.89739	1.89504
1	-0.67651	1.91026
1	-2.05683	-0.02569
1	1.40783	1.45372
1	-2.07262	-0.00990
1	-1.66801	0.60234
1	-2.06086	-0.03732
1	0.15293	1.94568
1	-1.49778	1.56660
1	1.05507	1.53911
1	-0.27319	2.08518
1	-1.57989	1.48847
1	-2.23070	-0.01760
1	1.36282	1.43001
1	-2.06222	-0.03778
1	-2.16692	-0.04048
1	-1.94883	-0.05133
1	-1.77037	0.13954
1	1.42683	1.44881
1	-2.21144	-0.06827
1	-1.41253	1.67471
1	-2.09299	-0.00125
1	1.47213	1.54768
1	-1.79318	0.29348
1	-2.25173	-0.02834
1	-2.03481	-0.01803
1	-2.04403	0.01979
1	-2.09298	-0.02037
1	1.42743	1.41902
1	-1.60928	1.37389
1	1.41779	1.46034
1	-1.54911	1.65438
1	-1.53117	1.48115
1	-2.10166	-0.00757
1	-0.00624	1.98161
1	1.40855	1.43974
1	1.43493	1.47457
1	-2.13592	-0.04068
1	1.39670	1.44428
1	1.43660	1.48549
1	-1.51739	1.25848
1	-0.12891	1.98817
1	0.63034	1.73356
1	1.37153	1.43845
1	-1.51311	1.26016
1	-2.13115	-0.01471
1	1.46891	1.47830
1	-1.65671	0.66187
1	-2.07973	-0.01193
1	-0.44962	1.97518
1	-1.99670	-0.02160
1	1.41780	1.44766
1	1.41858	1.44546
1	-1.57410	1.13850
1	-1.49669	1.37681
1	0.79293	1.63185
1	-2.16212	-0.03002
1	-2.05056	-0.02579
1	1.43723	1.41542
1	1.42663	1.45890
1	1.42319	1.46859
1	-2.09956	-0.01997
1	-1.55640	1.21517
1	1.41456	1.41937
1	-1.99063	-0.06137
1	1.46022	1.47749
1	-1.13756	1.85843
1	-2.06238	-0.06025
1	-1.12850	1.72046
1	1.42155	1.47234
1	0.56494	1.72682
1	1.46713	1.40500
1	1.41291	1.44832
1	1.33613	1.43414
1	-1.87531	0.02129
1	-2.06074	0.04988
1	1.44262	1.49343
1	-1.58058	1.47898
1	-1.53295	1.71670
1	-1.13594	1.79119
1	0.36739	1.78026
1	-2.11417	-0.02341
1	0.92798	1.56467
1	1.47621	1.50977
1	0.39119	1.79907
1	-1.59090	0.62547
1	-1.96337	-0.00755
1	1.41491	1.41367
1	-1.99903	-0.04810
1	-1.09975	1.80914
1	-1.93954	-0.05388
1	-0.76145	1.92706
1	1.44002	1.41389
1	-2.09714	0.00400
1	0.07090	1.95328
1	-1.87669	0.00698
1	1.33709	1.39541
1	-1.51042	1.31939
1	1.22972	1.42583
1	-2.09785	-0.00042
1	0.64506	1.70048
1	1.45123	1.43174
1	-1.54066	1.21686
1	1.41627	1.43503
1	-2.23664	0.00090
1	-0.45021	1.94026
1	-1.30646	1.76203
1	-2.13345	-0.03838
1	-1.61125	0.72994
1	1.43468	1.47008
1	0.51327	1.77546
1	-1.48087	1.26021
1	-2.06223	-0.00816
1	1.43248	1.49940
1	-0.11827	1.99539
1	-1.07358	1.84136
1	-0.44613	2.01189
1	-2.00579	-0.02756
1	-0.16173	2.00238
1	-2.11047	0.00689
1	1.42236	1.42617
1	-1.55996	0.99915
1	-2.24100	0.00244
1	-1.74776	0.34577
1	1.42341	1.41319
1	1.40069	1.42539
1	1.41799	1.46381
1	0.83027	1.56865
1	-0.49111	1.98101
1	-2.03051	-0.03360
1	-2.18302	-0.05553
1	-2.02748	-0.01496
1	-1.68134	0.55658
1	1.35608	1.40508
1	-1.97634	-0.02125
1	-1.48380	1.24219
1	-1.95137	0.01172
1	-1.99270	-0.02088
1	-2.10650	-0.01663
1	-1.95499	-0.00852
1	-1.54332	1.50892
1	-2.10839	-0.00760
1	1.42573	1.41031
1	-2.03106	-0.03298
1	-0.76080	1.97698
1	-2.08639	-0.00269
1	-1.95528	-0.03711
1	-2.02615	-0.04103
1	1.45799	1.50704
1	1.47736	1.55606
1	1.55272	1.67008
1	-1.48183	1.15040
1	-1.98213	-0.02088
1	-1.22012	1.79426
1	1.33838	1.39450
1	-1.48080	1.13051
1	-1.99862	-0.01651
1	1.40919	1.47768
1	1.46523	1.40182
1	0.10727	1.98180
1	1.43707	1.39205
1	-2.00326	0.01344
1	-1.49741	1.23984
1	1.07023	1.52859
1	-1.79297	0.20294
1	1.42830	1.42712
1	0.85533	1.57765
1	1.43368	1.48070
1	1.46227	1.44611
1	1.47765	1.51323
1	-1.62701	0.80101
1	-2.10139	-0.00829
1	1.44889	1.41644
1	-2.07837	-0.01086
1	1.40777	1.43090
1	-1.53551	1.64673
1	0.35689	1.80872
1	-0.09357	1.94914
1	-2.02779	-0.03378
1	-1.56607	1.26796
1	0.38244	1.85496
1	1.45990	1.49502
1	-1.56972	1.14600
1	-1.93913	0.00147
1	-1.54012	1.50463
1	-1.54752	1.42877
1	-2.04297	-0.04285
1	0.59126	1.74994
1	-1.46607	1.38247
1	1.42994	1.42977
1	1.45125	1.41972
1	1.53175	1.54737
1	1.44713	1.43615
1	0.51349	1.76740
1	1.47116	1.50785
1	-0.38381	2.02810
1	-1.98846	-0.03032
1	-1.95279	-0.02966
1	1.42254	1.44382
1	1.45545	1.55369
1	-2.07725	0.01011
1	0.93612	1.59414
1	-2.08409	-0.01773
1	1.23990	1.43348
1	0.08807	1.91198
1	-1.50424	1.46785
1	1.42605	1.47614
1	-2.09590	0.00788
1	-1.94827	0.02023
1	-2.12694	0.01854
1	1.41015	1.36281
1	-0.05340	1.97712
1	-2.30361	-0.06463
1	1.43748	1.40347
1	-1.45351	1.67340
1	-1.47986	1.63706
1	-2.32191	-0.03661
1	0.49774	1.76534
1	-2.09327	-0.02424
1	-1.55946	1.21420
1	-2.10602	-0.00216
1	-1.89142	0.04546
1	-1.47650	1.61887
1	-2.02343	0.00584
1	-0.47503	1.93530
1	-1.64228	0.68137
1	-2.11467	-0.00231
1	-2.05682	-0.00108
1	-2.22339	0.01767
1	-1.56811	0.93190
1	1.31809	1.39699
1	-0.09538	1.98729
1	-2.13515	-0.02689
1	1.41775	1.42875
1	-1.59554	0.94820
1	-1.03232	1.76316
1	-1.92893	0.03157
1	1.41898	1.42564
1	1.41529	1.44334
1	-2.06516	0.00353
1	-2.07912	-0.03755
1	1.45424	1.47837
1	-1.55647	1.51772
1	-1.54241	1.55340
1	-1.96182	0.00975
1	-1.88535	-0.00558
1	-2.07745	0.00330
1	-2.23725	-0.03513
1	-2.04827	-0.05956
1	1.38268	1.42050
1	-0.97354	1.88805
1	1.43238	1.42325
1	-2.04742	-0.01652
1	0.20475	1.87859
1	1.42727	1.44801
1	-1.48182	1.70605
1	0.68998	1.64414
1	1.39463	1.44265
1	-1.97237	-0.01622
1	0.54920	1.74507
1	-2.06118	-0.03647
1	-0.25010	2.03114
1	1.45235	1.50693
1	1.46290	1.53793
1	-2.08543	-0.02478
1	1.44280	1.43642
1	-2.03484	-0.00834
1	-0.94363	1.83243
1	-2.23299	-0.04433
1	0.87250	1.56927
1	-0.21094	2.01567
1	0.16275	1.92594
1	-2.13490	-0.02897
1	0.28580	1.83475
1	1.26364	1.46236
1	-2.13138	-0.00759
1	1.42742	1.39096
1	-2.12069	-0.02604
1	1.47433	1.51057
1	1.42614	1.45375
1	-1.84815	0.09500
1	-1.50332	1.22743
1	-2.13254	0.01923
1	-2.04252	-0.02804
1	1.41936	1.51211
1	-1.50077	1.28312
1	1.32553	1.43022
1	-2.11083	-0.01412
1	0.64417	1.70151
1	-1.99858	-0.00850
1	-0.21135	2.04627
1	-2.11615	-0.03912
1	0.52939	1.78911
1	-0.50624	1.91093
1	1.28714	1.42483
1	1.42973	1.44102
1	1.35871	1.41639
1	-0.27294	2.05129
1	1.41162	1.43850
1	1.37514	1.43221
1	-1.52744	1.26683
1	-0.07329	1.95193
1	1.45540	1.46788
1	1.42333	1.46423
1	-1.54606	1.31782
1	-1.83935	0.07643
1	-2.16946	-0.04569
1	-1.62267	0.74789
1	1.42926	1.39965
1	-2.17562	-0.02329
1	0.11416	1.89757
1	1.32478	1.41288
1	-2.09836	0.00505
1	-2.11424	0.01404
1	1.29753	1.37931
1	1.42006	1.42785
1	1.07077	1.50801
1	1.34538	1.38331
1	-2.06576	-0.01746
1	1.38791	1.41110
1	-1.36340	1.76910
1	0.95865	1.60080
1	1.26347	1.38924
1	-1.99612	0.00737
1	1.42150	1.42711
1	1.41028	1.41671
1	-2.15080	-0.03236
1	-1.48560	1.01940
1	0.75223	1.62656
1	-1.96583	0.01094
1	-1.54291	1.54714
1	-2.09634	-0.02770
1	-1.45898	1.66899
1	-2.13386	0.00133
1	1.42799	1.46100
1	-2.00515	-0.00294
1	0.30365	1.87041
1	1.43009	1.48395
1	-0.18274	2.01260
1	-0.98202	1.83242
1	-2.08382	-0.00289
1	-1.47906	1.65564
1	-1.94910	0.00059
1	1.42151	1.39830
1	-1.47508	1.50797
1	-2.13600	-0.02855
1	-2.18229	-0.01324
1	-1.82156	0.03366
1	-1.68648	0.60166
1	-1.57750	1.32196
1	1.40125	1.42597
1	-2.03056	-0.00781
1	-1.87065	-0.01201
1	-2.03697	-0.06434
1	1.40702	1.44953
1	-1.66518	0.55345
1	-1.58889	1.00624
1	-2.04620	-0.06412
1	-0.15829	1.95326
1	1.38130	1.39752
1	-1.77949	0.30604
1	-2.07759	-0.05037
1	-2.09375	-0.04401
1	-2.10300	-0.00109
1	-2.12839	-0.00609
1	1.45409	1.47664
1	1.41494	1.43997
1	1.00843	1.56153
1	1.38935	1.43903
1	-1.85301	0.28401
1	-2.04184	-0.05262
1	1.35945	1.36676
1	-0.39485	2.01844
1	-1.54994	0.97866
1	-1.99434	-0.02793
1	1.38664	1.37629
1	1.42769	1.44963
1	1.10180	1.52687
1	1.39146	1.39637
1	1.44575	1.43177
1	-1.98396	-0.04182
1	-2.03448	0.01604
1	-2.09586	-0.01621
1	-1.99054	-0.06204
1	1.44876	1.50288
