0	-0.43418	-2.09741
0	0.02918	-2.07738
0	-0.16408	-2.06936
0	1.44290	-1.36441
0	-1.47413	-1.01070
0	1.44011	-1.36440
0	1.44719	-1.38509
0	-0.14411	-2.12696
0	1.45352	-1.38001
0	-1.48007	-1.16477
0	-2.02710	0.00926
0	0.34715	-1.98977
0	-1.50433	-0.85583
0	1.43317	-1.34871
0	1.45867	-1.42171
0	1.41909	-1.35463
0	0.26116	-2.04729
0	-2.04926	-0.00139
0	1.44192	-1.43885
0	1.43940	-1.28108
0	-1.36230	-1.30175
0	-1.63028	-0.75905
0	1.44047	-1.31984
0	1.43690	-1.32995
0	0.17445	-2.08582
0	1.42058	-1.30031
0	1.41788	-1.30283
0	-2.06769	-0.01953
0	-1.97017	-0.00024
0	1.44583	-1.41702
0	-1.82964	-0.20971
0	-1.01642	-1.69931
0	-2.04240	-0.00435
0	-1.28698	-1.51832
0	-1.26861	-1.44983
0	-1.60989	-0.67064
0	0.20142	-2.07738
0	1.42985	-1.37635
0	1.44155	-1.41654
0	-0.61326	-1.92988
0	-2.03704	-0.01079
0	-1.98615	-0.00545
0	0.15166	-2.08724
0	-2.00007	-0.00206
0	1.35831	-1.44037
0	-1.89974	-0.11934
0	-2.02559	-0.02249
0	0.82847	-1.77153
0	1.44673	-1.29955
0	1.46360	-1.38217
0	-0.02215	-2.11945
0	-0.93538	-1.81228
0	-1.94996	-0.06300
0	-1.98694	0.00089
0	1.41530	-1.27929
0	1.32998	-1.48901
0	1.43927	-1.42647
0	-2.04077	-0.01146
0	0.34112	-2.00864
0	1.24481	-1.46754
0	1.42245	-1.38614
0	-0.75635	-1.85168
0	1.42127	-1.39325
0	1.41524	-1.41606
0	-2.05730	-0.01916
0	1.45881	-1.39857
0	1.44417	-1.35454
0	-2.05434	0.01266
0	-1.95309	0.03059
0	1.40657	-1.29282
0	1.46015	-1.34549
0	1.41919	-1.29456
0	1.44242	-1.28726
0	0.30326	-2.08656
0	-2.02644	-0.03087
0	0.52332	-1.95485
0	1.42807	-1.32314
0	-0.04325	-2.04332
0	-2.05627	-0.00294
0	-0.27826	-2.09900
0	-1.31618	-1.40004
0	-2.04302	0.01452
0	-0.92243	-1.78086
0	1.45325	-1.43710
0	-1.96147	-0.03921
0	1.44900	-1.34572
0	-1.98209	-0.00377
0	-2.01944	-0.02589
0	-1.40907	-1.15509
0	-2.06668	-0.01202
0	-1.93359	-0.00854
0	1.41015	-1.33411
0	-2.05089	-0.01461
0	-1.52048	-1.03700
0	1.39998	-1.40914
0	-2.06314	0.01998
0	-2.04954	-0.01968
0	1.46312	-1.39361
0	1.43136	-1.44184
0	-2.07947	0.02277
0	-2.06243	-0.00700
0	-2.08277	-0.03190
0	-2.08114	-0.01465
0	1.46334	-1.40176
0	-0.54044	-1.99549
0	1.43752	-1.38783
0	-0.29173	-2.10730
0	-2.02496	-0.00487
0	-0.19556	-2.15419
0	1.42068	-1.29596
0	-0.22633	-2.12336
0	1.42018	-1.28088
0	1.43416	-1.36043
0	-1.87390	-0.15379
0	-0.09788	-2.10275
0	-0.30161	-2.10078
0	-1.95993	-0.00144
0	1.44741	-1.37506
0	-1.56832	-0.74449
0	1.42952	-1.30634
0	-2.00568	-0.01651
0	-1.81324	-0.25052
0	1.43157	-1.35777
0	-1.34705	-1.31518
0	-1.97982	0.01280
0	-1.03088	-1.72376
0	-1.96732	-0.02823
0	-1.11975	-1.74791
0	-0.27690	-2.10411
0	-1.27087	-1.49379
0	-1.91962	-0.06584
0	-2.06767	-0.01616
0	-2.17405	-0.02148
0	1.44900	-1.41723
0	1.22063	-1.52956
0	-2.08385	0.02344
0	-1.21094	-1.54922
0	1.43147	-1.34893
0	-0.18343	-2.09518
0	-2.02504	-0.02964
0	0.22972	-2.07728
0	1.41554	-1.34325
0	-2.01313	0.00276
0	1.46754	-1.36938
0	0.14238	-2.10424
0	1.42290	-1.31373
0	1.37311	-1.45466
0	-2.03690	-0.01487
0	-1.97700	-0.02679
0	-1.18902	-1.67490
0	-2.01036	-0.01890
0	-1.39117	-1.24844
0	-1.93966	-0.12166
0	-1.38649	-1.18900
0	-2.02210	-0.00212
0	1.45649	-1.38851
0	-2.04046	-0.04144
0	1.45413	-1.39420
0	-2.09062	0.00436
0	-1.68517	-0.47816
0	-1.72580	-0.51107
0	-1.58567	-0.88301
0	0.02325	-2.07115
0	-2.10729	-0.01633
0	-1.49905	-1.03663
0	-0.75938	-1.92917
0	1.44672	-1.29614
0	-1.50795	-1.09935
0	-2.03815	-0.00973
0	1.44196	-1.41305
0	1.42953	-1.38604
0	-1.09736	-1.62001
0	0.98329	-1.65475
0	-1.89256	-0.14158
0	1.43859	-1.34150
0	-1.71247	-0.53310
0	-1.56693	-0.86860
0	-1.96796	-0.03121
0	-1.38451	-1.33936
0	0.90587	-1.71101
0	-0.71655	-1.86606
0	1.42567	-1.25680
0	-2.06529	-0.01236
0	-1.49924	-1.01177
0	0.06537	-2.05367
0	-1.25644	-1.39421
0	-1.42704	-1.08449
0	-0.07696	-2.03885
0	-1.18068	-1.67602
0	-0.61944	-1.94251
0	1.41692	-1.35553
0	-0.09474	-2.04475
0	0.60981	-1.82746
0	1.42273	-1.36110
0	-1.68933	-0.42139
0	-1.29969	-1.47918
0	-1.53893	-0.88751
0	0.81357	-1.77995
0	1.41304	-1.39827
0	1.42303	-1.37178
0	-2.10066	-0.02156
0	0.40525	-1.97875
0	1.46733	-1.35943
0	-2.00702	-0.02870
0	-1.22411	-1.66044
0	-1.99941	-0.00496
0	-2.03012	-0.03385
0	-0.45188	-2.16641
0	-2.01438	0.00605
0	-2.01336	0.00202
0	-2.04327	-0.01041
0	-1.67011	-0.60047
0	1.42947	-1.37838
0	-2.09315	-0.02738
0	-1.13973	-1.73608
0	1.44952	-1.39619
0	1.44206	-1.32280
0	-1.56124	-0.86536
0	-2.10661	0.00198
0	-1.94042	-0.05256
0	1.45302	-1.39464
0	-2.06187	-0.00774
0	-1.98638	0.01612
0	0.83182	-1.79675
0	1.21730	-1.53936
0	0.42572	-2.01448
0	-1.85876	-0.24672
0	1.42319	-1.25563
0	0.34166	-2.07112
0	0.43059	-1.98540
0	-2.01774	-0.01053
0	-2.05074	-0.01667
0	-2.05337	-0.01755
0	1.44917	-1.40148
0	-2.04099	-0.01207
0	-1.43255	-1.13847
0	1.50116	-1.33031
0	1.44345	-1.35156
0	-1.73671	-0.38780
0	0.21333	-2.02856
0	-2.05483	-0.00748
0	1.41677	-1.37886
0	-2.00551	-0.00539
0	-2.09759	0.00160
0	-1.45264	-1.11407
0	-1.22549	-1.48898
0	1.41524	-1.29392
0	1.45594	-1.37436
0	0.15658	-2.09609
0	-2.04410	0.02746
0	-1.92424	-0.04448
0	-0.89263	-1.88468
0	0.02592	-2.13072
0	0.01677	-2.12570
0	-1.56971	-0.85688
0	1.43197	-1.35600
0	1.48180	-1.39830
0	-2.06520	0.00091
0	-2.13434	-0.01831
0	-0.22740	-2.09796
0	-2.04850	0.01066
0	-1.70611	-0.41015
0	-1.94787	-0.00042
0	-1.60390	-0.78644
0	-2.09336	-0.03051
0	-2.07453	-0.01675
0	-1.37046	-1.13369
0	-0.08891	-2.12622
0	0.92615	-1.66973
0	1.46002	-1.39097
0	-2.04972	-0.01671
0	-1.28408	-1.46517
0	1.44287	-1.33591
0	-2.12195	-0.02497
0	-0.45252	-2.09294
0	-1.95250	0.04099
0	-2.05418	0.00532
0	-2.01976	-0.02274
0	1.45487	-1.36794
0	1.43404	-1.35809
0	-1.30749	-1.39830
0	1.45972	-1.42398
0	-0.66665	-1.83864
0	-1.46377	-0.93412
0	1.41868	-1.29962
0	-1.92772	-0.02111
0	1.43702	-1.34689
0	-0.86954	-1.91370
0	1.43331	-1.31451
0	-1.99367	-0.03001
0	-1.74126	-0.37613
0	-2.03890	-0.02895
0	-2.06593	-0.02264
0	1.44906	-1.35238
0	1.44099	-1.36082
0	-1.91049	-0.09488
0	1.48938	-1.35047
0	-2.07008	-0.02332
0	-0.29893	-2.13070
0	1.44480	-1.34377
0	0.01170	-2.07262
0	-0.24054	-2.04705
0	-0.07391	-2.07050
0	-2.00145	0.02980
0	0.84120	-1.74268
0	-2.04409	0.01063
0	1.41576	-1.35292
0	-2.04668	-0.00161
0	0.56253	-1.94199
0	-1.52519	-1.04452
0	1.44765	-1.41615
0	-1.86991	-0.13747
0	0.28562	-2.02166
0	0.64079	-1.86537
0	1.37235	-1.47966
0	1.40143	-1.20127
0	-2.01374	-0.02551
0	0.15045	-2.00890
0	-1.54971	-0.84839
0	1.45537	-1.41681
0	-1.97539	-0.03365
0	-2.02066	0.01065
0	-1.35443	-1.19426
0	1.48120	-1.25738
0	-2.05034	-0.02681
0	-2.06689	-0.01533
0	-1.52560	-1.04426
0	1.42714	-1.37905
0	0.21993	-2.14125
0	-0.12916	-2.13057
0	1.42200	-1.33489
0	-0.25062	-2.09490
0	-1.13066	-1.68074
0	-2.01460	-0.00110
0	-1.97990	-0.01947
0	-2.04388	-0.02122
0	-2.09639	-0.03895
0	1.40146	-1.32812
0	-2.05142	-0.00997
0	-0.96779	-1.82179
0	0.79289	-1.74176
0	-2.03525	0.04149
0	-0.15663	-2.05853
0	1.44469	-1.38880
0	-1.50406	-1.08090
0	0.22304	-2.09532
0	-2.05057	0.02992
0	1.42620	-1.36312
0	-0.09983	-2.07939
0	1.43715	-1.38838
0	-1.83042	-0.18843
0	-0.97444	-1.84138
0	1.43676	-1.37370
0	-0.09526	-2.09069
0	-1.89314	-0.11164
0	0.38349	-2.00247
0	-1.97777	-0.00224
0	1.44722	-1.32076
0	-1.08046	-1.69870
0	-1.13675	-1.67867
0	-2.05417	0.01144
0	-1.99142	-0.03281
0	-0.52864	-1.97458
0	1.45773	-1.31449
0	0.76360	-1.83860
0	-0.07489	-2.10672
0	1.43261	-1.37461
0	1.44338	-1.35594
0	-0.54481	-2.01222
0	0.62373	-1.84600
0	-1.40319	-1.21001
0	1.43585	-1.38016
0	-2.06488	0.01305
0	-2.11468	-0.05059
0	1.47682	-1.33825
0	-2.06883	-0.00261
0	-1.63257	-0.74717
0	-2.03440	0.00344
0	0.55792	-1.95110
0	-1.75877	-0.37474
0	1.43597	-1.35533
0	-1.49757	-0.97525
0	-1.23803	-1.66077
0	1.42497	-1.39705
0	-0.03596	-2.09055
0	-2.04032	-0.03181
0	1.41495	-1.38616
0	-2.04421	0.02103
0	-2.08000	-0.01342
0	-1.42192	-1.18061
0	-2.04818	-0.01228
0	-1.79703	-0.19165
0	-2.02345	-0.01818
0	-2.02059	-0.01758
0	1.45419	-1.37290
0	-0.72167	-1.94107
0	-2.06937	-0.00719
0	0.26420	-1.98233
0	-0.84442	-1.73232
0	1.43856	-1.34350
0	-0.87316	-1.85737
0	-1.97686	-0.00095
0	-2.05862	-0.03576
0	-2.05328	-0.00683
0	-1.89172	-0.15508
0	1.43113	-1.43886
0	1.44602	-1.37977
0	0.19213	-2.00564
0	1.46561	-1.28575
0	-2.04358	0.01632
0	-2.02935	0.01293
0	-1.21430	-1.60544
0	1.45742	-1.31962
0	-2.01718	-0.01511
0	-2.03046	-0.00727
0	1.44402	-1.32502
0	-2.01247	-0.00782
0	1.42937	-1.36702
0	-1.51385	-0.93872
0	1.43339	-1.33859
0	0.65110	-1.84494
0	-2.02653	0.04333
0	-1.76799	-0.30448
0	-2.00291	0.00749
0	-1.57678	-0.75444
0	-2.06283	-0.00936
0	-1.19019	-1.65355
0	1.44746	-1.41737
0	1.42459	-1.37922
0	-1.36289	-1.36189
0	-1.99367	0.03103
0	1.44947	-1.37661
0	0.11563	-2.11221
0	-1.98236	0.03491
0	1.45356	-1.33483
0	1.44308	-1.38856
0	0.15372	-2.07741
0	-1.59868	-0.72580
0	-0.43103	-2.10752
0	1.46714	-1.38130
0	-1.69768	-0.49494
0	-2.03589	-0.03080
0	-1.88644	-0.08155
0	0.10156	-2.02342
0	-0.89612	-1.81947
0	0.11991	-2.10419
0	0.47398	-1.95298
0	-2.03533	-0.01110
0	-0.08884	-2.11437
0	-1.73595	-0.42066
0	-0.97448	-1.78577
0	0.35881	-2.02936
0	-2.07250	-0.01934
0	1.43616	-1.34451
0	-2.01807	0.02431
0	-2.02602	-0.01282
0	-1.34621	-1.22134
0	-2.04977	-0.04432
0	1.43838	-1.35863
0	0.28219	-2.08206
0	-2.01570	-0.02356
0	-1.18205	-1.60534
0	-1.74172	-0.33422
0	1.47712	-1.39055
0	-1.89863	-0.10508
0	1.45196	-1.36333
0	1.44122	-1.31820
0	-1.94590	-0.06801
0	0.05538	-2.08956
0	-1.29200	-1.40305
0	1.02256	-1.59249
0	1.39093	-1.41924
0	0.95167	-1.65869
0	-1.99959	-0.02152
0	-1.54324	-0.79258
0	1.45586	-1.38350
0	1.43421	-1.32515
0	-0.95325	-1.88608
0	1.43201	-1.41277
0	-0.57092	-1.92537
0	-1.63173	-0.59272
0	-2.07379	-0.02680
0	1.44510	-1.32326
0	-2.01407	0.00756
0	-0.22498	-2.02499
0	1.42366	-1.33815
0	-0.83197	-1.89778
0	1.32978	-1.49972
0	1.45040	-1.35931
0	1.17960	-1.55624
0	-2.03831	-0.01526
0	1.42973	-1.39285
0	1.45520	-1.34504
0	-1.54877	-0.88888
0	-2.04586	-0.03013
0	-2.08333	0.00042
0	-1.39536	-1.17822
0	1.43667	-1.31980
0	1.43658	-1.37171
0	-1.98521	-0.02845
0	1.44164	-1.35404
0	-1.62164	-0.72562
0	-2.01505	0.00691
0	-1.63046	-0.69587
0	-0.26648	-2.06357
0	1.42795	-1.33693
0	1.44454	-1.36793
0	-1.82273	-0.16284
0	1.44471	-1.32801
0	1.44361	-1.33465
0	1.47873	-1.35294
0	-0.29407	-2.10644
0	-2.05988	-0.02601
0	-1.82259	-0.18326
0	1.45890	-1.40870
0	-2.05159	0.00283
0	-2.00650	0.01516
0	-2.04467	-0.00742
0	-2.07444	-0.00558
0	-1.71457	-0.42815
0	-0.05836	-2.06966
0	-1.62246	-0.74679
0	0.14926	-2.14803
0	1.45526	-1.45398
0	-1.78826	-0.40932
0	1.42005	-1.24671
0	1.43650	-1.39581
0	-2.07128	0.00024
0	-2.00961	-0.00895
0	-2.03707	0.00505
0	1.43555	-1.34761
0	0.03718	-2.07461
0	-0.30979	-2.12643
0	-1.97803	0.02932
0	-1.79453	-0.25312
0	0.59884	-1.82659
0	-0.29566	-2.18797
0	-2.05378	-0.02050
0	-2.01721	-0.03821
0	1.42518	-1.35938
0	-2.01685	-0.01139
0	1.45401	-1.34052
0	-2.05860	-0.02267
0	-2.03890	-0.02060
0	-0.49605	-2.00150
0	-1.96900	0.03033
0	-1.95879	-0.05682
0	1.45355	-1.39232
0	-2.05405	0.01161
0	-1.78763	-0.29196
0	-1.16451	-1.60475
0	-2.06210	-0.02588
0	-2.02168	0.00642
0	-2.02278	-0.01621
0	1.45653	-1.33831
0	-2.04411	-0.01952
0	0.23746	-2.02892
0	-0.60244	-1.93430
0	1.45583	-1.30956
0	1.45573	-1.38309
0	-2.02078	-0.00640
0	1.44387	-1.36083
0	1.46175	-1.34892
0	1.43102	-1.36938
0	-0.30209	-2.15922
0	-0.50826	-2.07640
0	-2.14318	-0.04342
0	0.88973	-1.72132
0	1.42928	-1.35762
0	-1.16752	-1.55367
0	1.46480	-1.40084
0	-0.04361	-2.17438
0	-2.10012	-0.02599
0	1.44337	-1.38252
0	-1.19948	-1.55366
0	-0.69306	-1.98948
0	1.41730	-1.39182
0	-1.18750	-1.67558
0	-1.91177	-0.02881
0	-1.60151	-0.77777
0	-2.03349	-0.00902
0	-1.42635	-1.09633
0	-1.80057	-0.28401
0	-2.00852	0.00970
0	1.44339	-1.39640
0	0.03963	-2.02380
0	1.42549	-1.36736
0	1.42367	-1.31374
0	-2.04649	-0.01603
0	-2.01157	-0.02097
0	-1.87473	-0.17065
0	1.46050	-1.31845
0	1.47196	-1.31412
0	-1.52429	-0.99906
0	1.46144	-1.35479
0	1.45539	-1.37519
0	-1.20758	-1.51842
0	1.43841	-1.37471
0	-2.01969	0.01482
0	-1.87684	-0.12372
0	-2.06854	-0.03131
0	-2.00627	0.02138
0	-0.42769	-2.08803
0	0.90071	-1.70077
0	-1.99336	0.02093
0	1.45794	-1.33620
0	-0.32193	-2.13143
0	-2.04871	-0.00900
0	-1.26522	-1.42217
0	-1.57859	-0.87440
0	1.44063	-1.30723
0	0.02201	-2.06198
0	1.43136	-1.41811
0	0.71921	-1.82184
0	-1.31617	-1.43312
0	-1.59953	-0.85631
0	-1.17743	-1.71915
0	1.46485	-1.33893
0	0.90506	-1.67353
0	0.17017	-2.05242
0	-0.22254	-2.12186
0	1.41568	-1.35147
0	0.41654	-2.00523
0	-1.62898	-0.57452
0	1.43498	-1.27968
0	-2.01569	-0.01216
0	-1.32676	-1.38639
0	-2.07180	-0.01184
0	1.09269	-1.62078
0	1.44243	-1.37129
0	1.43284	-1.32784
0	-2.01054	-0.00674
0	1.45283	-1.34122
0	0.92079	-1.72019
0	-1.90849	-0.04571
0	-0.89538	-1.79481
0	-1.03083	-1.68757
0	1.43217	-1.38917
0	-2.10003	-0.02674
0	-2.05014	-0.00159
0	-0.38521	-2.10220
0	-0.03061	-2.11843
0	1.46047	-1.29238
0	1.46266	-1.33676
0	1.46663	-1.41505
0	-1.99395	-0.02094
0	-2.04837	0.00215
0	-1.45510	-1.14660
0	-1.32062	-1.35648
0	-0.17202	-2.12262
0	1.42419	-1.30626
0	-2.08096	-0.02044
0	-0.31214	-2.15098
0	-1.96918	-0.02320
0	-1.77093	-0.35630
0	-1.58015	-0.75672
0	1.45047	-1.37177
0	-1.86225	-0.16413
0	1.45011	-1.35380
0	1.44388	-1.37126
0	-2.05210	-0.01053
0	-2.05254	0.00230
0	-1.42872	-1.26029
0	1.44529	-1.38502
0	-1.97002	-0.05741
0	-1.97501	0.00913
0	0.72924	-1.73570
0	1.21303	-1.49864
0	0.46984	-1.95651
0	1.43454	-1.32837
0	-2.01718	0.00004
0	-2.06221	-0.01905
0	-1.97345	0.01859
0	-1.44044	-1.15247
0	-0.46740	-2.09034
0	1.44329	-1.37094
0	-1.18699	-1.68798
0	1.42174	-1.33494
0	-1.58716	-0.60244
0	-1.14644	-1.71537
0	-0.76640	-1.85506
0	-1.25253	-1.48937
0	1.45678	-1.37315
0	1.44168	-1.33310
0	-1.11554	-1.72598
0	-1.44499	-1.05044
0	-1.96266	-0.01400
0	-2.04525	-0.01541
0	-1.32560	-1.36412
0	1.44515	-1.37492
0	-0.83107	-1.90309
0	1.46034	-1.37782
0	1.30138	-1.48341
0	1.43812	-1.32624
0	-2.00510	-0.01988
0	1.44686	-1.37750
0	1.46978	-1.44314
0	0.16334	-2.03374
0	-2.06055	0.00765
0	-1.83270	-0.14067
0	-2.03604	0.01878
0	-1.96958	-0.01518
0	-2.07814	-0.01420
0	-0.66102	-1.93914
0	-2.00864	0.01683
0	-2.02412	0.00663
0	1.46373	-1.36391
0	0.51391	-1.93062
0	-0.29724	-2.14207
0	-1.98913	-0.01116
0	1.44324	-1.24511
0	-2.01519	0.02837
0	-1.98493	0.00562
0	-0.46688	-2.04810
0	-1.46459	-1.19639
0	-2.00143	0.01193
0	-0.22531	-2.11363
0	-0.36451	-2.11280
0	-1.22014	-1.51524
0	-0.30165	-2.16369
0	1.41066	-1.23105
0	-1.21246	-1.57020
0	-2.01825	-0.03077
0	-1.77546	-0.27703
0	1.39124	-1.39984
0	-1.97510	0.01171
0	0.44194	-1.99644
0	1.44945	-1.38728
0	-1.29481	-1.48024
0	-0.23391	-2.11885
0	1.26537	-1.53725
0	1.42751	-1.37539
0	-2.05994	-0.01932
0	-2.09240	-0.01078
0	-1.61386	-0.66816
0	1.48161	-1.36495
0	-1.25495	-1.45857
0	1.43860	-1.25494
0	-1.77452	-0.29974
0	-0.73070	-1.92373
0	-1.84948	-0.10034
0	-1.36314	-1.09041
0	1.43359	-1.35932
0	-1.75276	-0.40037
0	-2.00591	-0.00542
0	0.29546	-2.06651
0	-2.00195	0.00825
0	1.43683	-1.34832
0	0.09288	-2.00250
0	1.21262	-1.43386
0	1.45483	-1.36319
0	0.55084	-1.91903
0	0.03805	-2.03572
0	-0.73165	-1.91234
0	-2.09727	-0.00569
0	-0.71776	-1.86353
0	-1.80211	-0.25071
0	-0.19986	-2.04304
0	1.44076	-1.42282
0	0.92983	-1.76559
0	1.43514	-1.36412
0	1.45656	-1.43108
0	1.10700	-1.57840
0	-0.24270	-2.11778
0	1.42614	-1.40404
0	-1.83761	-0.15457
0	-2.03811	0.01745
0	0.57880	-1.90884
0	-0.74843	-1.97981
0	-2.01129	0.00483
0	1.41720	-1.33728
0	-1.60706	-0.61038
0	-0.79058	-1.76741
0	-2.00762	0.01850
0	1.46741	-1.35831
0	1.45482	-1.33693
0	-2.02811	-0.00141
0	-0.25429	-2.18344
0	1.45625	-1.39621
0	-2.01647	-0.00614
0	1.46563	-1.35977
0	-1.91956	-0.00185
0	-1.71026	-0.50682
0	-2.02786	-0.01588
0	-1.15054	-1.72554
0	-1.96855	-0.04593
0	-0.01026	-2.04566
0	-2.08279	-0.02203
0	-0.89393	-1.84340
0	-2.05780	-0.00468
0	1.45101	-1.37925
0	1.43353	-1.31819
0	1.35501	-1.45710
0	1.43071	-1.35322
0	-2.06755	-0.01637
0	-0.19111	-2.06606
0	1.44174	-1.34115
0	-2.02568	-0.04636
0	1.42014	-1.33224
0	-1.24404	-1.53735
0	1.41640	-1.32513
0	-2.00880	0.01112
0	-2.07849	-0.01070
0	1.44261	-1.34412
0	-2.09213	-0.02982
0	-2.05051	-0.00078
0	-2.04003	-0.00042
0	0.05762	-2.05700
0	1.44745	-1.39232
0	1.44843	-1.35272
0	-1.97563	-0.00968
0	-2.03871	-0.00991
0	-2.02977	0.00232
0	-0.12740	-2.11147
0	-1.31353	-1.35307
0	-1.74441	-0.47604
0	-1.57593	-0.54135
0	1.45462	-1.41435
0	1.43246	-1.34341
0	-2.02492	0.02537
0	-1.16384	-1.72245
0	-0.14010	-2.12880
0	1.44834	-1.44568
0	1.46683	-1.33818
0	1.27603	-1.51321
0	0.61529	-1.88463
0	-1.25585	-1.34959
0	0.82822	-1.66290
0	1.40963	-1.39441
0	0.73553	-1.79543
0	1.46544	-1.31691
0	1.47180	-1.28624
0	1.40966	-1.34690
0	-2.03165	0.00561
0	-1.34876	-1.28227
0	-0.35077	-2.04973
0	-1.97404	0.01307
0	1.42305	-1.35843
0	-1.98845	0.00683
0	0.10759	-2.04849
0	1.44813	-1.34975
0	1.43119	-1.29058
0	-0.68982	-1.85026
0	1.29098	-1.53348
0	-2.09118	0.00384
0	-2.04994	-0.01376
0	0.30952	-2.10865
0	-0.22671	-2.08394
0	-1.41727	-1.09915
0	-1.98226	0.03138
0	-1.89935	-0.13421
0	-1.93437	-0.05139
0	-1.98229	0.00561
0	-2.04044	-0.01233
0	-2.06763	-0.00285
0	-1.21308	-1.62733
0	1.43398	-1.40381
0	-1.43883	-1.00507
0	-2.04477	-0.01800
0	-1.43375	-1.06096
0	1.42306	-1.37019
0	1.46350	-1.24929
0	-1.31407	-1.30555
0	-1.29840	-1.41963
0	1.48502	-1.31837
0	1.45008	-1.34861
0	1.41451	-1.31187
0	-2.05138	-0.00157
0	1.41997	-1.37326
0	-2.00433	0.02554
0	-1.06065	-1.60701
0	-2.00227	-0.01989
0	-1.60390	-0.73522
0	1.47297	-1.24602
0	-2.04926	0.00483
0	-2.03256	-0.00102
0	0.87946	-1.71631
0	1.42838	-1.33126
0	-1.54446	-0.80664
0	0.59610	-1.90761
0	1.45096	-1.37374
0	1.44127	-1.41140
0	-2.01875	-0.00163
0	-2.08838	-0.02698
0	-1.27888	-1.38476
0	1.45067	-1.31674
0	-2.05477	-0.01171
0	-2.00778	0.00090
0	1.06382	-1.60528
0	0.05323	-2.09792
0	1.43483	-1.37037
0	1.42455	-1.31693
0	1.46594	-1.39120
0	-0.94411	-1.75314
0	-1.20937	-1.48665
0	-1.86532	-0.05276
0	-0.70553	-1.96568
0	1.31521	-1.55507
0	0.55824	-1.93100
0	-1.96383	-0.00206
0	1.43544	-1.30620
0	-1.70279	-0.53017
0	1.46312	-1.30336
0	1.44820	-1.34272
0	-2.07959	-0.01790
0	-1.70353	-0.46897
0	-1.44514	-1.09410
0	1.42095	-1.33632
0	-1.56211	-0.88822
0	-0.74018	-1.94561
0	1.46584	-1.33933
0	-1.68885	-0.48893
0	-0.23664	-2.14277
0	-1.97864	-0.01556
0	-2.02647	0.03173
0	0.08248	-2.08692
0	-1.98294	0.02425
0	1.45304	-1.37606
0	1.45916	-1.37518
0	1.43823	-1.31177
0	-2.00807	-0.00398
0	1.43002	-1.30297
0	1.43262	-1.43021
0	0.53793	-1.87060
0	1.43303	-1.38817
0	-0.23276	-2.13745
0	-1.99200	0.00671
0	1.43467	-1.30700
0	1.21777	-1.53661
0	0.34328	-1.99825
0	0.31896	-2.03100
0	0.14867	-2.05305
0	-2.02626	0.01100
0	-1.51904	-0.87185
0	0.14353	-2.14657
0	0.37294	-1.99097
0	-2.03781	-0.01694
0	-1.79847	-0.31569
0	1.43519	-1.40814
0	-1.28321	-1.43667
0	1.42377	-1.29427
0	-2.03604	0.00289
0	-1.73851	-0.34366
0	0.74852	-1.74741
0	1.44037	-1.45161
0	-1.85212	-0.16428
0	0.20852	-2.11236
0	0.27693	-2.10755
0	-1.92545	-0.03265
0	1.43182	-1.32231
0	-2.05220	-0.00570
0	-1.40928	-1.21069
0	-0.34128	-2.19143
0	-0.21437	-2.11028
0	-2.07884	0.02367
0	-2.03050	0.01725
0	1.43361	-1.34657
0	-2.09696	-0.02535
0	-0.58836	-1.94692
0	1.46787	-1.29939
0	1.42509	-1.30700
0	-1.93565	-0.01123
0	1.43986	-1.34711
0	-1.47834	-1.13221
0	-2.05932	0.00576
0	-0.70241	-1.92812
0	1.42489	-1.32292
0	-2.05848	-0.02922
0	-1.63987	-0.69018
0	1.04845	-1.57352
0	0.08376	-2.12028
0	-1.93310	-0.05597
0	1.45138	-1.38559
0	-0.64794	-1.93983
0	1.43250	-1.35686
0	-1.99637	-0.01986
0	1.45394	-1.39919
0	-1.29445	-1.43782
0	-1.74170	-0.40137
0	1.44742	-1.37310
0	0.88258	-1.69090
0	1.41469	-1.34805
0	-1.92923	-0.04277
0	-2.03230	0.00463
0	0.25831	-2.11095
0	-0.27047	-2.14552
0	-2.02525	0.00906
0	-1.27274	-1.46096
0	1.43125	-1.30447
0	-2.01139	0.00566
0	-1.57793	-0.73362
0	0.87116	-1.71001
0	-2.01335	0.00508
0	1.04665	-1.62406
0	-2.05597	-0.00780
0	-1.77674	-0.29426
0	0.62159	-1.81098
0	-1.98390	0.01846
0	0.26174	-2.05774
0	1.13102	-1.51759
0	-1.32833	-1.40163
0	-0.25042	-2.11898
0	1.18934	-1.50055
0	-0.09992	-2.07598
0	-1.93580	-0.07542
0	-2.07866	0.00249
0	-2.03380	0.05009
0	1.42776	-1.40211
0	-1.96217	-0.04070
0	1.33096	-1.43543
0	-2.03046	-0.01186
0	0.71783	-1.76689
0	-1.90196	-0.09141
0	1.44642	-1.37766
0	-0.43400	-2.09286
0	-2.04014	0.02936
0	0.28489	-2.05857
0	1.47079	-1.30204
0	-1.44246	-1.04597
0	1.46867	-1.25570
0	-2.10122	-0.02351
0	-1.85045	-0.11429
0	-1.72895	-0.45007
0	-0.50235	-1.99617
0	-1.99206	-0.02180
0	1.47090	-1.33010
0	-0.30925	-2.13737
0	-0.22876	-2.12987
0	-2.04590	-0.01170
0	-0.04750	-2.09540
0	-0.23609	-2.15381
0	-2.03528	-0.00169
0	-2.06540	0.00113
0	-0.16203	-2.12685
0	1.43392	-1.42600
0	1.43057	-1.35624
0	1.45190	-1.33593
0	-2.01384	-0.00837
0	1.45305	-1.38341
0	-1.31971	-1.42315
0	-1.62769	-0.69436
0	-1.99881	0.03675
0	1.21851	-1.49201
0	-2.06196	0.00414
0	1.49145	-1.37907
0	-2.03925	-0.01926
0	0.18314	-2.05460
0	1.43852	-1.38627
0	1.43020	-1.42707
0	-1.26828	-1.53820
0	-1.94263	-0.01125
0	-1.82572	-0.15910
0	-2.05061	-0.02276
0	-0.56412	-1.94799
0	1.43384	-1.41562
0	1.43259	-1.31305
0	1.43281	-1.32664
0	1.47306	-1.35033
0	-2.05258	-0.02529
0	0.71271	-1.80507
0	-2.00958	-0.00480
0	-2.01018	-0.04453
0	1.47095	-1.40529
0	-1.90804	-0.13326
0	-0.24729	-2.17054
0	1.44188	-1.34043
0	-2.08902	-0.05046
0	-1.97369	0.01135
0	-1.14480	-1.64128
0	-0.79237	-1.81971
0	1.45423	-1.28996
0	-2.07527	-0.01803
0	1.41794	-1.27842
0	0.05256	-2.02138
0	0.16152	-2.08639
0	-2.08367	-0.01778
0	-1.35963	-1.29767
0	-1.33246	-1.26000
0	1.40949	-1.36069
0	-1.98536	0.00346
0	0.26284	-2.07937
0	1.44408	-1.38354
0	-1.73854	-0.42691
0	-1.69837	-0.42780
0	-0.20749	-2.13088
0	-2.03382	0.02543
0	0.29875	-2.02361
0	1.44733	-1.34788
0	-1.60203	-0.75229
0	-1.53195	-0.92226
0	-1.25534	-1.52714
0	-0.91189	-1.81221
0	-1.49492	-0.95104
0	1.43130	-1.35494
0	-2.03503	-0.00696
0	-2.09494	-0.04477
0	-2.06691	0.00571
0	-1.95373	-0.00672
0	1.46461	-1.28131
0	-1.62279	-0.59059
0	1.44299	-1.36696
0	1.30750	-1.49546
0	-2.02333	-0.01817
0	-0.93223	-1.79649
0	1.45750	-1.30945
0	0.97669	-1.70812
0	1.47076	-1.33366
0	-1.46443	-1.11158
0	-0.77599	-1.86648
0	-1.95666	0.00190
0	-1.67458	-0.38258
0	1.38847	-1.46253
0	0.25225	-2.07956
0	-2.00518	-0.02387
0	-1.59751	-0.73665
0	-0.29287	-2.13322
0	1.46462	-1.39074
0	-2.02035	0.00143
0	1.45497	-1.33944
0	1.44386	-1.38711
0	-1.60971	-0.62055
0	1.46269	-1.38735
0	-1.73278	-0.37739
0	-1.93218	-0.00166
0	0.20926	-2.06258
0	-2.03319	-0.01533
0	-2.04737	-0.02322
0	-0.04117	-2.04466
0	0.98655	-1.67973
0	-1.47711	-0.90977
0	1.43573	-1.31903
0	-0.84688	-1.80464
0	1.45204	-1.46769
0	-1.52786	-0.81950
0	1.43768	-1.33383
0	1.43208	-1.35719
0	1.44707	-1.38799
0	-2.07377	0.01079
0	-2.01256	0.00072
0	-1.29662	-1.49828
0	-1.51647	-0.98818
0	1.46984	-1.33482
0	-0.35947	-2.10558
0	1.40810	-1.30879
0	-2.03402	-0.01048
0	-2.00481	0.00762
0	1.40829	-1.25095
0	-0.90956	-1.75258
0	1.40281	-1.36183
0	-1.51457	-0.91795
0	-1.71010	-0.45456
0	-2.08857	-0.01632
0	1.44201	-1.34764
0	1.45681	-1.31426
0	0.07922	-2.10160
0	-2.02633	0.01008
0	1.41585	-1.29842
0	1.47763	-1.29286
0	0.47606	-2.00855
0	-2.01832	-0.01282
0	0.14332	-2.16165
0	1.44305	-1.34543
0	1.46093	-1.30004
0	-2.06528	0.02030
0	1.44994	-1.28153
0	-2.03055	-0.00390
0	-1.54555	-0.91910
0	1.42442	-1.35806
0	-2.07699	-0.02277
0	1.45658	-1.37995
0	-0.08162	-2.06533
0	0.28081	-2.11159
0	1.42247	-1.39747
0	-2.04678	-0.02506
0	-0.58749	-2.02606
0	-1.97521	-0.06783
0	1.47508	-1.33671
0	-1.69502	-0.39431
0	-2.08791	0.00266
0	-1.97423	-0.01948
0	0.90720	-1.70794
0	-2.01163	-0.00974
0	1.43849	-1.37841
0	-0.89197	-1.76087
0	-2.08509	0.01786
0	0.56977	-1.92473
0	-2.02614	-0.01098
0	-2.02922	0.00241
0	-2.04923	0.00828
0	1.42306	-1.40017
0	1.44508	-1.34327
0	1.41680	-1.38258
0	1.43784	-1.39973
0	-1.09942	-1.73330
0	-2.04463	-0.02189
0	1.43341	-1.43615
0	1.45774	-1.32080
0	-2.03073	0.01282
0	-1.72503	-0.32252
0	1.43599	-1.37263
0	-1.27192	-1.50513
0	-1.85579	-0.09012
0	-1.55490	-0.86306
0	1.45908	-1.33485
0	-2.06169	-0.01347
0	-2.04740	-0.01532
0	0.21260	-2.08077
0	-1.22311	-1.59947
0	-2.01495	-0.02066
0	-1.80962	-0.36163
0	-1.23441	-1.44568
0	-1.89190	-0.12881
0	1.43391	-1.30638
0	1.42401	-1.35058
0	0.14367	-2.01640
0	-1.51469	-1.03073
0	-0.42762	-2.04348
0	1.44561	-1.33578
0	-2.08259	-0.01361
0	-2.06228	-0.04089
0	-1.67572	-0.36246
0	1.46609	-1.35213
0	-2.02346	-0.02859
0	-2.05612	-0.02493
0	1.43763	-1.44802
0	-1.96272	-0.01845
0	-1.51596	-0.95313
0	-1.36447	-1.31543
0	-2.04101	-0.00449
0	1.09105	-1.55403
0	1.46077	-1.35390
0	0.50247	-1.93992
0	-0.17865	-2.11224
0	1.41419	-1.39012
0	-1.24889	-1.37636
0	1.46527	-1.35927
0	1.42304	-1.38629
0	-1.64041	-0.74764
0	-2.00386	-0.00003
0	1.42086	-1.39823
0	-2.03021	0.00753
0	0.04487	-2.05942
0	-1.11917	-1.69494
0	1.45116	-1.42457
0	-0.45079	-2.12909
0	-0.88654	-1.84885
0	-2.01498	0.00362
0	-0.19532	-2.21338
0	1.42024	-1.31022
0	-1.36995	-1.13865
0	1.44151	-1.38201
0	-0.67497	-1.91591
0	-2.01374	-0.00001
0	1.43805	-1.36942
0	-0.92282	-1.83532
0	1.43218	-1.36866
0	-1.53338	-0.74115
0	1.42018	-1.34734
0	-2.04693	0.00079
0	0.99723	-1.63520
0	-2.01823	0.02106
0	1.45417	-1.49332
0	0.03505	-2.09585
0	-0.52180	-2.04919
0	-1.15628	-1.66082
0	-1.24866	-1.56530
0	-2.04714	0.01547
0	1.46315	-1.35103
0	1.40720	-1.37890
0	-1.58262	-0.65580
0	-1.99128	-0.01659
0	-0.12534	-2.11092
0	-2.05492	0.00515
0	-1.47777	-0.96027
0	-0.75212	-1.87956
0	1.42655	-1.39565
0	-1.48729	-0.98336
0	-1.58710	-0.64227
0	0.24879	-2.10846
0	-1.95658	-0.02774
0	-1.34466	-1.36119
0	0.60698	-1.81158
0	-1.37609	-1.22793
0	-2.01281	0.01597
0	-1.87684	-0.05043
0	1.43567	-1.28117
0	1.44519	-1.33452
0	-2.02800	0.00382
0	1.41063	-1.36811
0	1.46070	-1.39661
0	1.43022	-1.33387
0	-1.67662	-0.44506
0	1.42199	-1.30709
0	1.44346	-1.37502
0	1.43074	-1.33932
0	-2.10554	-0.03568
0	-2.13263	-0.01212
0	1.45663	-1.35389
0	-2.03378	0.00196
0	-1.41171	-1.18160
0	1.42428	-1.33903
0	1.46519	-1.30651
0	-1.45640	-1.19860
0	-1.97177	0.02214
0	1.45255	-1.35458
0	-1.14249	-1.60896
0	-2.03745	0.00749
0	-1.96180	0.02257
0	1.46881	-1.35932
0	-1.98681	0.02315
0	1.42607	-1.30874
0	1.42561	-1.38537
0	-1.07713	-1.62118
0	1.47118	-1.19196
0	1.45908	-1.36676
0	-0.06502	-2.12078
0	1.43408	-1.29456
0	0.33970	-1.99516
0	-2.11288	0.02611
0	0.30088	-2.01662
0	1.45620	-1.31407
0	1.45365	-1.28825
0	-2.05614	-0.01121
0	-0.39484	-2.05538
0	1.46229	-1.36428
0	-0.31476	-2.11918
0	1.46392	-1.35254
0	-1.10456	-1.68612
0	-1.72173	-0.44042
0	-2.05245	-0.03257
0	-1.82561	-0.26482
0	1.44548	-1.47483
0	1.04650	-1.60252
0	1.10572	-1.67256
0	1.46129	-1.43893
0	1.43515	-1.42078
0	1.42624	-1.35664
0	1.32885	-1.47457
0	-2.08815	-0.02023
0	0.11411	-2.11810
0	1.44912	-1.40793
0	-1.31593	-1.36161
0	-2.03064	0.00797
0	-2.02555	-0.01711
0	1.44713	-1.35575
0	-2.06120	-0.03041
0	-2.06244	-0.00862
0	-0.49130	-2.06046
0	-1.08516	-1.68339
0	-2.05114	0.01224
0	1.42441	-1.33749
0	-0.13379	-2.08258
0	-0.10460	-2.15002
0	1.04532	-1.66365
0	1.42978	-1.34918
0	-2.03628	-0.00809
0	-1.25885	-1.66405
0	-2.01411	0.00032
0	1.44069	-1.24195
0	-2.10454	-0.01212
0	-1.70598	-0.45605
0	0.15668	-2.01730
0	-1.07914	-1.70253
0	1.44358	-1.37151
0	1.43572	-1.38288
0	-0.19325	-2.16194
0	1.42740	-1.40144
0	-0.24606	-2.07191
0	-2.07484	-0.03177
0	0.70040	-1.90307
0	-2.07513	-0.02294
0	-1.98127	-0.02643
0	-0.14612	-2.09858
0	-1.98231	0.03350
0	-2.01520	0.03125
0	1.45382	-1.31033
0	1.41887	-1.36989
0	1.43925	-1.37086
0	-2.07603	-0.00183
0	-0.23229	-2.06516
0	1.42850	-1.31111
0	0.55606	-1.98438
0	0.26424	-2.09055
0	-2.04191	0.03433
0	-2.09480	-0.00858
0	-2.06063	-0.01894
0	-0.59153	-1.98319
0	-1.14521	-1.63450
0	-1.28786	-1.35208
0	-1.26999	-1.45022
0	1.41909	-1.34912
0	-2.08656	-0.01970
0	-2.00821	0.02059
0	0.31301	-2.06882
0	1.45086	-1.28811
0	-0.58179	-2.00699
0	1.43423	-1.37349
0	-0.72926	-1.82945
0	-1.68483	-0.51713
0	0.81290	-1.75957
0	1.42693	-1.41466
0	-2.03995	-0.01136
0	-0.79939	-1.88668
0	-1.94622	-0.01602
0	1.46043	-1.40374
0	0.32775	-2.05880
0	-1.95773	-0.04125
0	-1.97526	0.00451
0	-2.00783	0.00853
0	0.76318	-1.81597
0	1.45530	-1.44812
0	1.46562	-1.44400
0	1.42645	-1.37112
0	-0.03147	-2.11630
0	1.38025	-1.45762
0	-1.58776	-0.63432
0	-1.80333	-0.12049
0	-1.94321	-0.00908
0	1.45609	-1.35257
0	-0.90767	-1.79540
0	-1.82181	-0.26639
0	-2.00428	0.01726
0	1.44698	-1.44284
0	1.28101	-1.51970
0	-0.30020	-2.07295
0	-2.06506	0.00017
0	-2.02830	0.02220
0	-1.45398	-1.21716
0	1.43036	-1.37427
0	-2.05601	0.00427
0	-1.99832	-0.01034
0	1.46795	-1.42600
0	1.45111	-1.39422
0	0.25184	-2.04555
0	1.44831	-1.31617
0	-1.94072	-0.04286
0	1.48701	-1.34621
0	-2.06364	-0.05989
0	0.95778	-1.71878
0	-1.42376	-1.09862
0	-1.37427	-1.24754
0	-0.15034	-2.11311
0	-0.74131	-1.96527
0	1.45484	-1.34248
0	1.42867	-1.37136
0	-1.97323	-0.02576
0	-1.76975	-0.29218
0	-2.06334	-0.01033
0	-2.02827	0.00787
0	-2.01832	0.00655
0	1.45609	-1.45237
0	-2.07358	-0.01022
0	-1.99363	-0.01553
0	-2.09262	-0.03286
0	-2.07656	-0.00240
0	-1.22411	-1.66151
0	-0.17815	-2.08583
0	1.48053	-1.36278
0	1.42794	-1.35332
0	1.46675	-1.34011
0	1.42387	-1.34189
0	1.26693	-1.55196
0	-1.34614	-1.23212
0	-2.08643	0.01425
0	1.17200	-1.63194
0	-1.69096	-0.54709
0	-2.01573	-0.01897
0	-2.00442	-0.01776
0	1.41057	-1.41699
0	-1.59543	-0.73641
0	-2.05249	0.00608
0	-0.10167	-2.05629
0	-1.78598	-0.26354
0	1.47033	-1.36343
0	-1.98110	-0.05485
0	-2.09897	-0.01254
0	-2.02300	-0.00194
0	-1.63635	-0.67121
0	-1.03377	-1.68243
0	-2.05029	0.00425
0	1.46174	-1.41572
0	-2.03226	-0.00185
0	-2.05695	0.02061
0	0.21874	-2.04761
0	1.44732	-1.31712
0	-2.00832	-0.00198
0	-1.20262	-1.66560
0	1.42781	-1.34594
0	1.41900	-1.32940
0	-1.99058	-0.06876
0	-2.05269	0.00810
0	-2.04213	0.01639
0	0.00164	-2.02271
0	-2.05514	-0.01605
0	-1.97869	0.00709
0	-1.72689	-0.45976
0	-1.45535	-0.99270
0	0.41944	-2.04266
0	1.44974	-1.39137
0	1.41524	-1.38387
0	-2.02738	0.03136
0	1.46635	-1.45131
0	-2.07556	-0.01531
0	1.44609	-1.36804
0	1.43419	-1.41276
0	-2.00169	0.01053
0	-1.07775	-1.60994
0	-2.08869	0.00635
0	0.30954	-2.05566
0	-1.36462	-1.25844
0	1.43138	-1.33220
0	-0.38444	-2.15232
0	1.42635	-1.39396
0	-1.36758	-1.26924
0	0.75573	-1.80740
0	-1.52031	-1.02499
0	-0.25849	-2.10646
0	-2.03280	-0.01400
0	-1.80300	-0.10657
0	-1.56755	-0.74792
0	1.46785	-1.28424
0	-1.65971	-0.61011
0	-2.06870	-0.02966
0	-1.13880	-1.75080
0	1.18188	-1.55082
0	1.43427	-1.45711
0	-1.18120	-1.64395
0	-2.03097	-0.00255
0	1.42592	-1.38230
0	0.10055	-2.09850
0	-2.07132	0.00661
0	-0.04154	-2.12754
0	-0.65832	-1.87250
0	-1.27255	-1.51341
0	-1.36222	-1.28486
0	-2.02211	0.02770
0	1.44549	-1.32942
0	0.73470	-1.84371
0	-2.03155	0.00190
0	1.44741	-1.35513
0	1.43907	-1.31274
0	0.09846	-2.13133
0	-1.83120	-0.10965
0	1.45262	-1.42648
0	1.43743	-1.36714
0	-1.72345	-0.36665
0	-1.42191	-1.07347
0	-2.04926	0.01701
0	-2.00424	-0.01539
0	-2.03192	0.09007
0	1.44097	-1.44346
0	1.43964	-1.35873
0	0.03972	-2.11074
0	1.44891	-1.35915
0	1.41639	-1.36243
0	-0.83250	-1.87187
0	-1.98743	-0.05192
0	0.26115	-2.06816
0	-2.11936	-0.03846
0	-1.83160	-0.25204
0	-0.54657	-2.00549
0	-2.06298	-0.00796
0	-1.68112	-0.52993
0	1.47739	-1.30906
0	1.41800	-1.31273
0	1.46872	-1.37243
0	1.45323	-1.34078
0	-2.07527	0.01583
0	-1.88387	-0.12752
0	1.43255	-1.31890
0	-2.06234	-0.01361
0	-1.76037	-0.33903
0	-2.05853	-0.00479
0	1.45029	-1.29733
0	0.44352	-1.91462
0	-1.35451	-1.24482
0	0.83519	-1.73932
0	-0.77661	-1.86522
0	-2.07706	-0.03175
0	1.46314	-1.34080
0	-1.41276	-1.07294
0	1.43002	-1.25885
0	-1.97937	0.01675
0	1.44772	-1.32415
0	0.69510	-1.83579
0	-0.34567	-2.09208
0	1.43557	-1.41654
0	-2.05206	0.00137
0	1.43275	-1.41017
0	-2.00609	-0.03098
0	-0.10824	-2.16034
0	-2.02101	-0.01476
0	-1.97285	-0.02059
0	-0.27142	-2.05835
0	-1.91434	-0.01843
0	-2.08860	-0.00571
0	1.45103	-1.34253
0	-2.00593	0.01618
0	0.24788	-2.09193
0	0.78159	-1.76524
0	1.40026	-1.38180
0	-1.84220	-0.11230
0	-2.02568	0.00274
0	-0.33201	-2.05721
0	1.44910	-1.40383
0	1.44021	-1.35862
0	-2.02306	-0.00878
0	-0.68651	-1.92227
0	-1.65725	-0.60938
0	-0.41531	-2.06541
0	-2.01107	-0.02583
0	1.15958	-1.53950
0	-2.08878	-0.01018
0	0.05199	-2.09006
0	-2.02260	-0.00034
0	1.43329	-1.34505
0	-2.05268	-0.00525
0	-0.14184	-2.09744
0	-1.25708	-1.57158
0	-1.97173	-0.03767
0	1.42751	-1.26657
0	1.41295	-1.32255
0	1.49690	-1.39743
0	1.38075	-1.48781
0	-1.54872	-0.89514
0	-2.02421	-0.02999
0	-1.98280	-0.01608
0	-2.04992	0.00662
0	-2.05628	-0.00314
0	-1.33389	-1.36565
0	-2.00649	0.00563
0	-2.08248	-0.01965
0	0.28679	-2.03752
0	1.45045	-1.37671
0	-2.04979	-0.01389
0	-0.58950	-2.01263
0	-0.29642	-2.10208
0	-2.03994	-0.00348
0	1.46394	-1.37862
0	-1.86865	-0.05227
0	-2.02183	-0.01903
0	0.06140	-2.07602
0	-2.03885	0.00002
0	0.92547	-1.67467
0	-2.05457	0.00538
0	-0.69478	-1.95490
0	-1.08172	-1.73964
0	-1.29017	-1.23161
0	-1.65811	-0.49495
0	-0.07221	-2.10357
0	1.43766	-1.29685
0	-1.83958	-0.13988
0	-1.10041	-1.75132
0	1.42099	-1.38172
0	-1.99858	-0.01406
0	-2.11976	0.00977
0	-2.04675	0.00136
0	-1.99292	-0.00645
0	-1.58931	-0.69116
0	-1.92833	-0.05400
0	-1.96999	-0.00051
0	-0.54674	-2.10135
0	0.26628	-1.93752
0	0.38454	-2.04757
0	1.26405	-1.49859
0	1.34714	-1.43286
0	-2.05034	-0.00196
0	-2.08646	-0.02063
0	-1.10939	-1.71442
0	1.44622	-1.38026
0	0.29994	-2.00013
0	1.40441	-1.36535
0	-1.95225	-0.00651
0	-0.91071	-1.81656
0	0.26273	-2.05748
0	-0.26437	-2.09404
0	1.46175	-1.31230
0	-1.53667	-0.79520
0	-2.06368	-0.01622
0	-2.05014	-0.00049
0	-1.39453	-1.25986
0	-2.07675	0.01060
0	1.40257	-1.34324
0	-0.06013	-2.13000
0	-2.04726	-0.00623
0	-0.15179	-2.03677
0	-0.43200	-2.12597
0	0.19948	-2.07583
0	0.01601	-2.06682
0	1.44476	-1.29580
0	-1.92033	-0.01940
0	-1.30960	-1.31405
0	-1.40903	-1.27098
0	-1.91456	-0.08589
0	-1.94669	-0.01369
0	1.42287	-1.30444
0	-1.24339	-1.54858
0	1.44022	-1.44046
0	1.43674	-1.35463
0	1.46884	-1.47402
0	-1.82209	-0.22384
0	-2.02750	-0.01164
0	1.43798	-1.41779
0	1.42527	-1.27734
0	-2.08776	-0.01060
0	-1.23739	-1.45504
0	1.41442	-1.29883
0	0.01580	-2.08933
0	1.44853	-1.34302
0	-2.07307	0.00552
0	-1.38286	-1.33989
0	-1.55266	-0.85293
0	1.45776	-1.42645
0	1.43442	-1.39404
0	-1.43729	-0.95528
0	1.42028	-1.33624
0	-1.70972	-0.50778
0	1.43582	-1.42060
0	-0.79069	-1.91965
0	1.42980	-1.35389
0	-1.78303	-0.31258
0	-2.01970	0.01914
0	-0.78244	-1.86259
0	1.43473	-1.33435
0	-2.06931	-0.01474
0	-1.92328	-0.05005
0	1.45192	-1.40265
0	-1.10862	-1.73076
0	-2.08666	-0.02017
0	1.45214	-1.33803
0	0.35931	-1.97071
0	-2.09616	-0.01142
0	-1.88161	-0.12521
0	-2.05957	0.00349
0	-2.07395	0.00242
0	0.92250	-1.72610
0	1.43529	-1.31272
0	1.42196	-1.31971
0	-0.14084	-2.13313
0	-2.06678	-0.02919
0	-1.97193	0.03251
0	-2.04213	0.02096
0	-2.06505	-0.01808
0	1.44551	-1.38763
0	1.42800	-1.37374
0	-1.79939	-0.24172
0	1.44975	-1.33570
0	1.13935	-1.57969
0	0.97256	-1.68884
0	-2.08282	-0.04832
0	-1.10334	-1.68151
0	1.42660	-1.37608
0	-1.98514	-0.02536
0	-1.43575	-1.14416
0	1.49331	-1.31841
0	0.65115	-1.88060
0	-2.02472	0.04149
0	-2.06086	-0.01384
0	1.42769	-1.43626
0	-1.60343	-0.70396
0	1.03459	-1.61121
0	-1.94044	0.02643
0	1.39171	-1.26141
0	-0.12262	-2.17529
0	-2.04332	-0.01424
0	-1.76746	-0.31343
0	1.42687	-1.30348
0	-1.87500	-0.15194
0	1.44228	-1.32521
0	0.94803	-1.73337
0	-2.00742	0.01042
0	-1.96939	0.01261
0	1.46537	-1.33292
0	-1.27053	-1.52000
0	-2.04511	0.01804
0	-1.26931	-1.42396
0	1.44759	-1.39185
0	-1.24659	-1.50957
0	-1.63034	-0.59000
0	0.19655	-2.04439
0	-2.04006	-0.00942
0	-1.88362	-0.08001
0	0.53352	-1.96587
0	-2.06930	-0.02622
0	-2.08071	-0.01043
0	1.46956	-1.32572
0	1.44810	-1.36146
0	1.43584	-1.28636
0	1.42920	-1.29694
0	-1.63180	-0.47542
0	1.01157	-1.59246
0	-1.42306	-1.08431
0	-2.05697	0.00953
0	0.56367	-1.89713
0	1.41902	-1.35546
0	1.45073	-1.35012
0	-2.07001	-0.01526
0	-1.32552	-1.25129
0	1.45119	-1.34825
0	-1.89190	-0.09148
0	-0.96233	-1.82329
0	1.43647	-1.42510
0	-2.05948	0.01950
0	-1.98100	0.03912
0	-1.29466	-1.50608
0	-1.62050	-0.61531
0	-1.41830	-1.12457
0	-1.99746	-0.02241
0	1.43262	-1.32293
0	-0.01479	-2.13307
0	-2.11503	-0.04065
0	-1.38339	-1.27772
0	-1.49920	-0.89774
0	-2.10263	-0.01382
0	-0.27701	-2.10403
0	-0.17521	-2.11861
0	-2.03424	-0.01832
0	-1.86785	-0.27295
0	1.44310	-1.36311
0	1.44580	-1.31212
0	0.85003	-1.71103
0	-0.24012	-2.04670
0	-1.25335	-1.40240
0	0.50652	-1.93674
0	1.44848	-1.36836
0	0.03093	-2.10939
0	1.29819	-1.46467
0	1.34337	-1.47174
0	1.45872	-1.41299
0	1.42839	-1.40842
0	1.42131	-1.32215
0	-1.29353	-1.26070
0	1.43053	-1.35556
0	0.43749	-2.00277
0	-2.04031	0.01539
0	-1.79112	-0.31119
0	-1.47264	-1.07387
0	1.44607	-1.40223
0	1.45275	-1.37469
0	-2.00881	-0.00424
0	1.43777	-1.34813
0	1.41428	-1.27119
0	1.43072	-1.39313
0	-1.42922	-1.21996
0	-2.01794	-0.02823
0	-1.99721	-0.00082
0	-1.94264	0.00188
0	-2.03696	0.00767
0	-1.45184	-0.97985
0	1.43999	-1.35792
0	-1.62315	-0.65135
0	-2.07009	-0.02365
0	-2.00082	-0.03097
0	-2.07894	0.01898
0	0.01812	-2.12740
0	-1.97659	-0.00353
0	0.44888	-1.99417
0	1.45311	-1.38462
0	-1.42783	-0.96455
0	-0.36825	-2.02036
0	-2.08761	-0.00441
0	-2.05472	0.02221
0	-2.05470	-0.01571
0	-0.71060	-1.84793
0	-2.02583	0.01790
0	-0.02980	-2.05084
0	-2.04697	0.02037
0	1.45918	-1.28494
0	1.42953	-1.33348
0	1.46135	-1.35966
0	1.40756	-1.30782
0	1.42945	-1.36655
0	-0.09150	-2.07479
0	-2.05780	-0.01217
0	-0.08896	-2.09366
0	1.42902	-1.36690
0	0.38274	-1.96839
0	-1.76887	-0.38109
0	1.45432	-1.35282
0	-2.03791	0.03031
0	1.35945	-1.49333
0	-2.05542	-0.01163
0	-1.55734	-0.82118
0	1.44077	-1.42535
0	-2.01725	0.00529
0	-1.22049	-1.54996
0	1.41700	-1.29531
0	0.71189	-1.77538
0	0.93138	-1.69950
0	0.07409	-2.06690
0	1.46240	-1.36450
0	1.46085	-1.35748
0	-0.43932	-2.12786
0	1.43217	-1.36683
0	-0.00161	-2.14834
0	-1.33561	-1.27741
0	-0.80362	-1.79659
0	-0.33620	-2.09577
0	-1.76677	-0.30137
0	-2.05008	-0.00890
0	-2.03697	-0.00379
0	1.44924	-1.33739
0	1.42136	-1.35298
0	-1.28617	-1.24845
0	1.46026	-1.40693
0	-0.05354	-2.11251
0	1.44380	-1.42488
0	-1.16587	-1.67252
0	-2.05873	-0.01173
0	-1.54592	-0.91773
0	-2.00968	0.00879
0	1.43572	-1.34480
0	-0.25741	-2.09376
0	1.44728	-1.34986
0	1.47578	-1.38106
0	-2.01241	0.01850
0	-1.96364	-0.01137
0	-1.92856	-0.05413
0	-1.81618	-0.20875
0	1.41192	-1.26898
0	-1.25415	-1.52426
0	1.42177	-1.35577
0	1.29163	-1.51162
0	-2.05107	-0.00133
0	-0.00510	-2.08763
0	-2.06949	-0.00145
0	-1.04957	-1.80870
0	-1.38856	-1.24540
0	-1.80730	-0.23522
0	-2.03766	-0.04041
0	0.06478	-2.05233
0	1.39903	-1.25487
0	-1.03899	-1.73958
0	-2.01345	-0.00250
0	-2.05531	0.04494
0	1.43096	-1.38431
0	0.67860	-1.86244
0	-2.03246	-0.00356
0	1.44757	-1.37780
0	-1.96467	-0.00519
0	-0.36203	-2.03313
0	-0.22532	-2.14348
0	-0.42198	-2.03600
0	-0.13059	-2.04896
0	0.60063	-1.85980
0	1.41540	-1.31918
0	-1.44725	-1.13654
0	1.44457	-1.28508
0	1.43688	-1.38869
0	1.45362	-1.36878
0	-0.12234	-2.12427
0	-2.09876	-0.03064
0	-1.69999	-0.53835
0	-2.02367	0.02064
0	1.44962	-1.37342
0	-1.91040	-0.09028
0	-2.02246	-0.02698
0	-2.02741	-0.02264
0	-1.59909	-0.67970
0	-1.92554	-0.06934
0	0.23580	-2.12248
0	1.42153	-1.36221
0	-0.22889	-2.07543
0	-0.07423	-2.15559
0	-1.67114	-0.55161
0	-0.31001	-2.11538
0	-2.07599	0.01111
0	1.46848	-1.34289
0	1.42303	-1.32075
0	-2.08741	-0.04460
0	0.92147	-1.67050
0	1.45446	-1.46673
0	1.43645	-1.37357
0	0.08211	-2.06891
0	-2.04441	0.00736
0	1.47587	-1.41005
0	1.45073	-1.36310
0	0.28893	-2.09560
0	-2.00458	-0.02776
0	1.44685	-1.38529
0	-1.98878	-0.00682
0	-0.33879	-2.09690
0	1.42198	-1.32607
0	-1.35396	-1.36196
0	1.43633	-1.44784
0	-1.82275	-0.16384
0	1.45064	-1.31027
0	1.42869	-1.33509
0	-1.41258	-1.17651
0	-1.43599	-1.19406
0	1.43499	-1.36995
0	-0.75228	-1.85447
0	0.41872	-1.97811
0	-1.38997	-1.09541
0	-0.10403	-2.15811
0	0.57868	-1.86839
0	-0.59975	-2.04815
0	1.44314	-1.33134
0	-1.15569	-1.60316
0	-1.98836	-0.03302
1	0.08567	2.15647
1	1.13829	1.59908
1	-1.37981	1.44304
1	1.89536	0.01508
1	-1.40551	1.42663
1	-1.41402	1.42759
1	1.98451	0.06162
1	1.68583	0.55773
1	-1.38614	1.45975
1	-0.55664	1.90704
1	2.00295	0.07819
1	1.98761	0.05393
1	1.71028	0.47903
1	1.97267	0.04525
1	-1.46128	1.49475
1	-0.63685	1.83038
1	0.06882	2.19349
1	1.87824	0.02766
1	1.59291	0.97151
1	1.67555	0.67851
1	-1.40217	1.45589
1	0.86670	1.74216
1	-1.11987	1.57639
1	1.61206	0.91501
1	1.98231	0.05969
1	1.85866	0.03914
1	1.78705	0.28559
1	1.95613	0.06048
1	1.99892	0.08077
1	1.97223	-0.00657
1	0.07192	2.09857
1	2.01483	0.12224
1	-1.49090	1.50667
1	0.12451	2.10205
1	0.26214	2.14689
1	1.87709	0.03683
1	1.79788	0.31447
1	1.47009	1.16666
1	1.90344	-0.01624
1	1.43187	1.19966
1	0.72369	1.70235
1	1.94612	0.00603
1	-1.47641	1.40307
1	1.99939	0.05101
1	1.98875	0.06218
1	1.88011	-0.01028
1	-1.42656	1.44357
1	1.78992	0.05981
1	1.98147	0.06775
1	-1.50083	1.52085
1	-0.26958	2.01948
1	0.41126	1.91394
1	-1.38007	1.43255
1	2.07078	0.17343
1	-1.40757	1.41995
1	-1.43833	1.41355
1	0.15277	2.08950
1	-1.35655	1.41201
1	1.97412	0.08637
1	1.92033	0.01718
1	-1.02251	1.62717
1	1.84230	0.16685
1	-1.44053	1.42745
1	-1.43104	1.45842
1	1.27982	1.52089
1	1.92903	0.02284
1	1.94601	0.00321
1	1.98190	0.02099
1	-1.24656	1.46047
1	-1.42381	1.39543
1	1.65718	0.76569
1	0.72130	1.88910
1	1.50915	0.88741
1	-1.45981	1.36408
1	-1.43678	1.36369
1	-0.11805	2.10410
1	1.93018	0.07383
1	-1.45724	1.36173
1	1.44689	1.07090
1	1.67187	0.68654
1	0.05423	2.15532
1	1.98597	0.07961
1	-1.37892	1.44257
1	1.68820	0.47646
1	-1.47042	1.48262
1	-0.30723	2.06145
1	1.88740	0.00978
1	-1.44527	1.44414
1	1.98615	0.04255
1	1.95947	0.02187
1	-0.22718	2.11366
1	-0.60426	1.85633
1	0.10507	2.10326
1	-1.38953	1.42792
1	1.42045	1.15247
1	1.99964	0.07168
1	2.00548	0.03192
1	-1.45207	1.37710
1	1.58849	0.87603
1	2.01631	0.08919
1	-1.42554	1.46709
1	-1.41521	1.41976
1	2.01692	0.06462
1	-0.57611	1.87725
1	-0.41884	1.98979
1	0.06715	2.12278
1	1.98910	0.06874
1	1.98252	-0.01521
1	-1.45301	1.37253
1	0.08696	2.07666
1	1.44206	1.20848
1	1.68662	0.36445
1	1.48293	1.16567
1	2.01776	0.10114
1	1.31384	1.39839
1	-0.93695	1.70480
1	1.38089	1.30498
1	1.92874	0.01427
1	-1.31597	1.50220
1	2.00290	0.07798
1	0.16393	2.08181
1	0.71011	1.69362
1	-1.47172	1.44047
1	-1.40440	1.36281
1	0.25000	2.02996
1	-1.05626	1.62569
1	0.18567	2.17018
1	-1.45866	1.45639
1	2.04118	0.13156
1	-0.95508	1.71565
1	-1.50494	1.42380
1	-0.38953	1.94987
1	-1.41605	1.41750
1	-0.88974	1.71489
1	0.25981	2.04383
1	0.94994	1.67606
1	-1.44488	1.39499
1	1.91553	-0.00210
1	0.17047	2.01325
1	-1.50890	1.42886
1	-1.43146	1.41298
1	2.02631	0.10707
1	1.26550	1.33803
1	-1.42174	1.43138
1	2.01500	0.03272
1	1.29650	1.36099
1	-0.09300	2.13418
1	0.95429	1.68030
1	-1.43490	1.42201
1	-0.13878	2.06311
1	1.96175	0.10953
1	1.75322	0.51955
1	-0.07626	2.08601
1	2.04335	0.08974
1	1.95978	0.05172
1	1.70671	0.77548
1	1.96680	0.05231
1	0.09893	2.09323
1	-1.46119	1.35210
1	-0.01185	2.07638
1	-1.38916	1.44946
1	1.94319	0.11679
1	-1.46291	1.47168
1	-1.48905	1.47457
1	-0.37340	1.95828
1	1.94524	0.03254
1	-0.82478	1.77039
1	-1.41820	1.40411
1	2.01331	0.05677
1	1.84811	-0.03119
1	-0.23483	2.18082
1	2.06434	0.04691
1	1.99673	0.05792
1	-1.44409	1.37907
1	-1.44875	1.38789
1	1.17115	1.69220
1	1.60231	0.74384
1	0.62030	1.92584
1	-1.42904	1.43974
1	-1.44220	1.44952
1	0.93261	1.60500
1	-1.42359	1.50292
1	-1.32029	1.47673
1	-1.47001	1.46237
1	-1.44364	1.51437
1	0.94581	1.61743
1	-0.58438	1.84626
1	-1.40359	1.34706
1	2.01585	-0.00413
1	-1.49760	1.43793
1	-0.90048	1.69917
1	-1.43221	1.45519
1	-1.44770	1.44706
1	0.29106	2.07723
1	0.16709	2.09778
1	1.63727	0.65289
1	-1.45976	1.47822
1	-0.79684	1.81829
1	-0.07984	2.12113
1	2.00903	0.05481
1	1.97562	0.11144
1	1.93597	0.05284
1	2.00778	0.11815
1	1.95399	0.04480
1	-0.14662	2.04280
1	1.39836	1.21427
1	1.99192	0.03492
1	1.62472	0.79204
1	-0.52981	1.89530
1	1.03013	1.83322
1	2.01097	0.03162
1	1.97942	0.04577
1	1.99296	0.06926
1	1.65773	0.65565
1	1.98979	0.04498
1	-1.40375	1.42640
1	-1.47796	1.44332
1	1.38113	1.39359
1	1.91322	-0.01133
1	-1.43093	1.45888
1	1.73246	0.21050
1	-1.48805	1.44516
1	-1.45949	1.37663
1	0.87012	1.69471
1	-1.40497	1.40407
1	1.30322	1.46664
1	1.94926	0.02624
1	1.89077	-0.02518
1	-1.43844	1.40404
1	-0.03279	2.08639
1	1.94504	0.03865
1	1.04936	1.60172
1	1.91310	0.03083
1	-1.48697	1.48627
1	1.98834	0.07642
1	1.98237	0.08675
1	-1.42283	1.43584
1	-0.25829	2.07138
1	-1.37600	1.42022
1	1.95801	0.04028
1	0.13568	2.10876
1	0.01966	2.13688
1	1.97677	0.04332
1	1.32510	1.36035
1	1.62484	0.73598
1	1.93607	0.02583
1	-0.01787	2.13070
1	0.13759	2.12329
1	0.92131	1.71977
1	1.86391	0.00322
1	1.94402	0.09740
1	-1.41230	1.44146
1	1.97946	0.06439
1	1.80206	0.35662
1	0.10466	2.13029
1	1.92393	0.00402
1	-1.33452	1.58202
1	1.95522	0.03430
1	1.24245	1.53540
1	-1.42522	1.43504
1	2.01184	0.05753
1	-1.47960	1.48026
1	-1.42339	1.45827
1	1.84406	0.22700
1	1.97665	0.07590
1	-1.45307	1.38304
1	-1.39634	1.47010
1	-1.45887	1.44750
1	1.67916	0.54528
1	1.46232	1.12393
1	1.96089	0.07152
1	-1.43238	1.36000
1	-1.39826	1.47348
1	1.94959	0.03346
1	-1.43956	1.44813
1	0.09937	2.14546
1	1.40255	1.18400
1	-1.38335	1.38077
1	0.77973	1.73564
1	-1.39890	1.52119
1	1.97729	-0.00174
1	-1.41840	1.33251
1	1.92010	-0.00741
1	2.04277	0.14191
1	1.98275	0.01148
1	1.97279	0.01027
1	-1.44019	1.42726
1	2.01403	0.05012
1	-0.44622	1.92500
1	0.05539	2.13556
1	1.98815	0.02040
1	2.03083	0.08022
1	0.03091	2.12418
1	-0.77097	1.75289
1	-1.44569	1.46788
1	-0.04034	2.12340
1	2.02251	0.14197
1	1.91603	0.13666
1	1.96554	0.06466
1	-1.42740	1.42868
1	2.01760	0.06260
1	0.69130	1.76780
1	1.79664	0.09054
1	-1.43038	1.44232
1	-1.27088	1.48333
1	2.05712	0.09699
1	0.23733	2.13517
1	1.96535	0.01731
1	-1.39397	1.45211
1	0.81278	1.85099
1	-1.44089	1.42637
1	-1.41863	1.42096
1	0.74380	1.73562
1	-1.19537	1.65053
1	2.00873	0.04484
1	-0.40565	1.91766
1	-0.68893	1.83619
1	-1.41215	1.45435
1	-1.40909	1.40266
1	1.98331	0.05706
1	1.98040	0.02436
1	-1.30738	1.45499
1	1.32670	1.45213
1	-1.38819	1.42326
1	-1.52286	1.50943
1	2.06115	0.06851
1	-1.41544	1.41270
1	1.29914	1.47053
1	-1.38211	1.43778
1	1.94117	0.02817
1	-1.39918	1.44068
1	1.94752	-0.00496
1	-0.01779	2.14625
1	2.00343	0.04987
1	-1.47801	1.49066
1	-0.18440	2.04416
1	-1.46570	1.41590
1	-1.01918	1.62218
1	-1.44886	1.39631
1	1.83854	0.28714
1	-1.48587	1.40545
1	1.95996	0.04531
1	1.92877	0.00680
1	-1.29556	1.42928
1	1.92519	0.02918
1	1.98302	0.06319
1	-1.40099	1.42555
1	1.93044	0.07601
1	1.94746	0.04776
1	1.44345	1.28784
1	1.51231	0.91035
1	-1.43255	1.42398
1	-1.00068	1.68618
1	0.02085	2.14233
1	1.94711	0.00891
1	1.97379	0.05619
1	0.23260	2.09303
1	1.93898	0.05311
1	-1.38836	1.40237
1	-1.46034	1.43038
1	1.33938	1.25566
1	-1.36759	1.47303
1	-1.41859	1.47852
1	1.98932	0.02611
1	2.00416	0.09860
1	0.20376	2.10209
1	0.98708	1.67520
1	1.75284	0.44097
1	-1.38241	1.38058
1	1.99462	0.11941
1	1.43910	1.27617
1	1.69925	0.57333
1	1.71451	0.52577
1	1.45251	1.26526
1	1.43277	1.21469
1	1.95207	0.07059
1	0.05557	2.05239
1	-1.43931	1.47358
1	1.95463	0.04561
1	-0.12414	2.14383
1	1.93002	0.04897
1	-1.48818	1.45232
1	1.97239	0.10855
1	1.96925	0.06354
1	1.17088	1.58460
1	-0.25157	2.03593
1	-1.40922	1.43672
1	0.59202	1.90831
1	1.36015	1.14425
1	1.95107	0.06568
1	-1.44062	1.49876
1	-0.63424	1.84282
1	1.73135	0.60538
1	-0.81454	1.77929
1	1.99042	0.02114
1	1.93236	0.03316
1	-1.47154	1.36974
1	1.93926	0.04772
1	-0.68505	1.82096
1	-1.42524	1.40211
1	-0.87349	1.66713
1	2.02097	0.01548
1	1.90116	0.03845
1	1.96707	0.04430
1	-1.44321	1.41064
1	1.84375	-0.01239
1	-1.49150	1.49819
1	1.95165	0.03270
1	1.95136	0.09444
1	1.32130	1.42240
1	1.97627	0.08044
1	1.93875	0.03391
1	-0.17571	2.07750
1	1.96728	0.04345
1	-1.44220	1.43908
1	-1.50958	1.49227
1	2.05505	0.07046
1	1.70759	0.47375
1	-1.42329	1.42905
1	0.61240	1.90570
1	1.87853	0.00922
1	1.91645	-0.00401
1	-1.49346	1.46309
1	-1.44230	1.44448
1	-1.38959	1.44592
1	-1.40661	1.37224
1	1.96224	0.15690
1	-0.45139	1.98419
1	-0.32614	2.01173
1	-0.57758	1.92236
1	-0.06637	2.14873
1	1.53302	0.95547
1	-0.38924	2.17153
1	2.00785	0.03354
1	-1.36586	1.44968
1	-0.94546	1.74215
1	2.02583	0.08250
1	-0.73063	1.77769
1	1.08057	1.75682
1	-0.80723	1.71032
1	-0.90020	1.74011
1	1.41292	1.32240
1	-1.48534	1.42784
1	-1.49799	1.47283
1	1.79541	0.08069
1	-1.42941	1.43147
1	-0.00788	2.09136
1	-1.46920	1.42313
1	1.93705	0.08694
1	-1.41986	1.45693
1	-1.44279	1.42834
1	1.50875	1.09713
1	0.01962	2.07586
1	-1.41789	1.42269
1	1.93658	0.02619
1	-0.48646	1.89162
1	-1.30320	1.61255
1	-1.36889	1.33790
1	1.97500	0.03624
1	1.97259	0.05627
1	1.98332	0.00464
1	1.24256	1.54336
1	2.00035	0.03813
1	-1.39066	1.43827
1	-1.47791	1.41760
1	1.91930	-0.00409
1	-1.32150	1.39965
1	1.94956	0.06009
1	-0.13567	2.09224
1	-0.13540	2.04227
1	1.24727	1.51751
1	1.59184	0.72107
1	1.41439	1.32959
1	1.13665	1.57610
1	-1.39494	1.39096
1	1.98545	0.06738
1	0.05601	2.02209
1	0.41778	1.95593
1	1.97745	0.07193
1	-1.40393	1.43778
1	1.96067	0.02166
1	-1.43583	1.38320
1	-1.04616	1.58867
1	-1.45021	1.44481
1	1.32052	1.46430
1	1.63116	0.84661
1	-0.71839	1.84165
1	1.96348	0.02915
1	0.24833	2.07677
1	1.26077	1.51174
1	-1.41072	1.43898
1	1.92337	0.06523
1	-1.32562	1.42367
1	1.95746	0.03668
1	-0.30132	2.12090
1	1.95011	0.02732
1	-1.51438	1.45126
1	1.06955	1.67000
1	1.45163	0.82786
1	1.99182	0.06387
1	-1.41660	1.46218
1	-0.28009	2.09442
1	-1.41289	1.42313
1	1.32968	1.39469
1	-1.45295	1.46463
1	-1.47859	1.38969
1	1.95348	0.01997
1	1.99913	0.07639
1	1.96983	0.03789
1	2.00089	0.04928
1	-0.09177	2.09665
1	0.94066	1.66268
1	-0.67084	1.89865
1	1.52864	0.99739
1	-0.48741	1.99918
1	-0.51058	1.96756
1	1.98862	0.04577
1	-1.43179	1.45909
1	1.63594	0.73390
1	1.41491	1.32954
1	-0.25568	2.06776
1	-1.42007	1.46142
1	-0.79188	1.75739
1	1.95893	0.03924
1	-1.43484	1.47511
1	0.92048	1.82951
1	1.91863	-0.00328
1	-1.34907	1.37416
1	-0.13512	2.07605
1	-1.43347	1.43087
1	-1.44049	1.35924
1	-0.07460	1.99081
1	-1.40663	1.46459
1	-1.41566	1.45618
1	1.90546	0.01942
1	-1.40950	1.50100
1	0.52181	1.87238
1	0.26736	2.04562
1	1.97537	0.02327
1	-1.41481	1.42517
1	-1.46042	1.43479
1	1.64041	0.76811
1	-1.06568	1.65371
1	1.59501	0.71705
1	-1.38891	1.40632
1	1.93722	0.02974
1	2.03686	0.08592
1	-1.46331	1.48953
1	1.11698	1.59350
1	-1.43034	1.42282
1	-1.42230	1.44516
1	-1.36703	1.42788
1	-1.49828	1.47212
1	-0.12753	2.02574
1	0.14052	2.13068
1	-1.41282	1.43483
1	1.90468	-0.01041
1	1.91406	-0.00242
1	1.85620	0.12453
1	1.99584	0.08334
1	-1.41933	1.40499
1	-1.44328	1.49415
1	-1.47386	1.44859
1	1.93506	0.02634
1	-1.44103	1.49800
1	2.04023	0.03478
1	-1.47858	1.45408
1	-0.91489	1.66906
1	1.91829	0.01583
1	1.89653	0.01663
1	-1.42180	1.42479
1	2.05678	0.04894
1	1.95711	0.04684
1	1.86485	0.05458
1	-1.43634	1.42539
1	1.25004	1.46141
1	1.62404	0.98858
1	0.01534	2.03230
1	1.92658	-0.00093
1	0.57550	1.79039
1	-1.44086	1.45010
1	1.89351	0.04920
1	-1.44380	1.50567
1	1.98896	0.05088
1	1.95947	0.03373
1	-1.39897	1.35764
1	-0.02115	2.10862
1	-0.03940	2.06047
1	0.14015	2.10062
1	2.00665	0.08204
1	2.02745	0.08742
1	1.95389	0.04545
1	1.41781	1.25116
1	1.92343	0.03757
1	0.08388	2.11645
1	-0.13151	2.10914
1	1.38656	1.34551
1	0.08641	2.06199
1	1.97381	0.04293
1	-1.48546	1.42089
1	-0.49207	1.87444
1	-1.37148	1.36623
1	-0.90211	1.75294
1	0.09011	2.08850
1	-1.41313	1.43794
1	-1.42769	1.41417
1	-1.35681	1.42578
1	1.95545	0.03764
1	1.44037	1.21134
1	-1.44550	1.38687
1	2.03555	0.06052
1	1.60077	0.68950
1	1.18255	1.48542
1	1.89426	0.08019
1	-1.48619	1.50014
1	1.99720	0.06580
1	1.82710	-0.02120
1	-0.90624	1.77827
1	-0.57472	1.83882
1	1.92203	0.04134
1	2.01485	0.02798
1	-1.08131	1.63480
1	-1.45224	1.47807
1	0.26119	2.08598
1	1.56923	0.83197
1	1.95676	0.03665
1	-0.26393	2.07705
1	1.38420	1.11405
1	1.25778	1.47257
1	0.01548	2.15639
1	-0.35046	1.91763
1	-1.42378	1.48888
1	1.55804	1.10123
1	-1.47229	1.45924
1	1.12594	1.65755
1	1.94222	0.01475
1	-0.95831	1.66691
1	0.14902	2.08316
1	-0.97255	1.67342
1	1.97586	0.03110
1	-1.43514	1.45069
1	-1.39826	1.51876
1	-1.46490	1.52653
1	-1.53485	1.47206
1	1.59293	0.80530
1	-0.01996	2.10827
1	-1.37585	1.44303
1	2.00308	0.04372
1	-0.20510	2.12627
1	-1.14297	1.59423
1	1.91479	-0.04301
1	1.58660	0.97635
1	-0.97597	1.57334
1	1.08718	1.68595
1	1.12347	1.68159
1	2.04659	0.06993
1	1.87575	-0.01577
1	0.08566	2.12503
1	2.02478	0.12505
1	0.35954	1.95736
1	0.26803	2.10585
1	-0.00199	2.06467
1	-1.11091	1.59675
1	1.95183	-0.00213
1	-0.05887	1.99859
1	1.90699	0.00626
1	-0.03499	2.04995
1	1.91663	-0.00925
1	-1.41198	1.34245
1	-0.17452	2.10834
1	-1.45349	1.43840
1	0.02704	2.07013
1	-1.05311	1.53876
1	2.03346	0.06207
1	-1.42749	1.45069
1	-1.44704	1.49532
1	1.64322	0.70113
1	1.96407	0.06692
1	-0.86414	1.65711
1	-1.40962	1.40733
1	0.08098	2.14160
1	-1.39366	1.29841
1	1.59029	0.91338
1	-1.37644	1.33069
1	-1.41174	1.50567
1	-0.16323	2.15124
1	-1.48189	1.45767
1	1.93278	0.02694
1	1.93506	0.04167
1	1.06673	1.61681
1	-0.89263	1.70163
1	1.89084	-0.02366
1	1.93912	0.05866
1	-1.45435	1.48545
1	1.64463	0.55110
1	0.30578	2.09245
1	1.98541	0.03517
1	-1.41674	1.40519
1	1.99893	0.03380
1	-1.45075	1.42767
1	-0.35992	2.07365
1	-1.34490	1.39239
1	1.52520	1.02387
1	1.92617	0.02141
1	1.18381	1.41482
1	0.03944	2.10249
1	1.98053	0.07824
1	1.58459	0.61698
1	1.96672	0.02715
1	1.96894	0.02150
1	-1.45599	1.41749
1	1.93745	0.03691
1	0.46862	1.98096
1	1.65824	0.61986
1	-0.17658	2.13362
1	0.14529	2.06785
1	1.93865	0.01177
1	0.63866	1.78251
1	2.02427	0.07978
1	2.04533	0.05498
1	1.92810	0.01247
1	-1.46769	1.45216
1	1.69023	0.37824
1	0.34454	1.96077
1	-0.76832	1.70978
1	-1.45652	1.40892
1	2.01966	0.07174
1	-0.83160	1.68407
1	-0.57887	1.89922
1	-0.20001	2.13873
1	1.99432	0.03847
1	-0.01105	2.15836
1	1.98697	0.07860
1	-0.26789	2.03418
1	1.44985	0.99418
1	-1.45058	1.44056
1	0.70014	1.85495
1	1.95917	0.04405
1	-1.42117	1.34410
1	1.59430	0.80662
1	-0.07550	2.09395
1	1.96797	0.07804
1	1.65380	0.50402
1	-1.43358	1.48515
1	-1.41334	1.37743
1	0.12336	2.15354
1	1.93049	0.04115
1	-0.78107	1.71853
1	-1.44621	1.48031
1	2.01965	0.02367
1	-1.40160	1.44475
1	0.50153	1.99394
1	0.07965	2.02943
1	-1.47278	1.44733
1	-1.40519	1.42905
1	-0.29227	2.08322
1	1.92929	0.02478
1	-1.46120	1.34180
1	-1.45358	1.40719
1	1.98186	0.02225
1	-0.09923	2.16329
1	1.99229	0.01601
1	1.91831	0.03112
1	1.97431	0.08014
1	1.68157	0.68793
1	0.27251	2.04882
1	-1.44016	1.39917
1	-1.39412	1.33008
1	-1.38035	1.41746
1	-1.47252	1.45512
1	-0.97716	1.65809
1	1.94830	0.05332
1	1.53804	1.09265
1	1.80259	0.17196
1	0.90922	1.67881
1	1.98214	0.06988
1	-0.21816	2.11240
1	1.96020	0.08565
1	0.22289	2.07671
1	-1.43206	1.43879
1	-1.41373	1.49967
1	-0.19566	2.04383
1	-1.41635	1.43877
1	1.83141	0.08497
1	2.03795	0.01692
1	0.01808	2.12303
1	-1.45172	1.47413
1	-0.79548	1.70943
1	0.82195	1.69247
1	1.99994	0.04428
1	0.99677	1.62344
1	0.03867	2.07643
1	-0.02076	2.16371
1	-1.39314	1.45626
1	-1.43854	1.43684
1	-0.08120	2.09553
1	1.94567	0.11855
1	-0.12882	1.99780
1	-1.44834	1.41625
1	-1.44508	1.42983
1	-0.07217	2.06186
1	1.98178	0.02227
1	-1.41981	1.41453
1	-0.16849	2.13961
1	1.44357	1.23745
1	-1.44657	1.47030
1	-1.40001	1.40393
1	-1.44089	1.35715
1	1.34896	1.47375
1	-1.43152	1.41514
1	-0.26404	2.05011
1	1.14699	1.63179
1	0.29786	1.93478
1	1.29750	1.42138
1	1.95528	0.04895
1	1.94256	-0.00393
1	-1.42126	1.39345
1	1.93451	0.08882
1	1.49914	1.09406
1	-1.41337	1.38953
1	0.04135	2.09305
1	1.58578	0.83010
1	-1.37083	1.43562
1	1.80907	0.07957
1	0.00479	2.10079
1	-1.41974	1.44474
1	1.97809	0.06523
1	1.91992	0.00597
1	1.98149	0.03693
1	1.95946	0.05821
1	-0.09940	2.15986
1	-0.09606	2.05486
1	1.85465	0.29186
1	1.93569	0.00581
1	0.02507	2.17473
1	-1.43254	1.43931
1	0.12241	2.08698
1	0.06992	2.11097
1	-1.40939	1.45315
1	-0.37659	2.15014
1	2.01801	0.03399
1	1.96336	0.03885
1	1.61349	0.75590
1	-0.65457	1.78672
1	-1.39785	1.42224
1	1.93958	0.01443
1	-0.35795	2.00922
1	-1.40471	1.40803
1	-0.20515	2.13879
1	2.06110	0.06765
1	1.42202	1.31268
1	-0.22680	2.07279
1	1.57145	0.91706
1	1.95190	0.01699
1	1.96540	0.06498
1	1.53737	0.85197
1	-0.37487	1.93960
1	2.03460	0.05547
1	-1.45412	1.41856
1	1.81308	0.18863
1	1.95184	0.02364
1	1.38983	1.22137
1	0.03253	2.09722
1	1.94506	-0.01177
1	2.03262	0.05341
1	-1.39484	1.47870
1	1.86228	-0.00248
1	1.28346	1.64013
1	1.89449	0.10265
1	0.13158	2.12234
1	2.00098	0.03577
1	-0.73423	1.84407
1	1.43090	1.17348
1	1.37457	1.29541
1	-1.46380	1.40827
1	1.90047	0.02521
1	-1.50855	1.45030
1	0.90871	1.68062
1	-1.22818	1.56833
1	-1.43228	1.40579
1	-0.22011	2.10081
1	-0.59633	1.83028
1	1.60880	0.80043
1	0.03763	2.19100
1	1.64684	0.69900
1	1.69533	0.32848
1	1.96669	0.02677
1	1.97607	0.05019
1	-1.35414	1.43493
1	-1.40333	1.42007
1	0.59694	1.90170
1	0.05331	2.07124
1	-1.40063	1.47406
1	-1.38258	1.40547
1	1.44038	1.12109
1	2.01671	0.06616
1	1.74278	0.20694
1	2.04024	0.05784
1	-1.42547	1.37985
1	0.62010	1.77459
1	-1.37833	1.36880
1	-1.13733	1.67278
1	-0.39322	1.97876
1	2.03304	0.07371
1	-0.33426	2.06877
1	0.88699	1.81504
1	1.68333	0.47387
1	1.89352	0.07505
1	1.92236	0.02098
1	1.57995	0.79736
1	1.26449	1.46322
1	1.84151	0.33955
1	-1.48690	1.47175
1	0.03083	2.13207
1	-0.30456	2.06821
1	-0.13640	2.04544
1	1.98231	0.04326
1	-1.44660	1.39312
1	-1.42224	1.48845
1	1.93343	0.03446
1	-1.49107	1.48040
1	1.93086	0.01670
1	0.78305	1.87063
1	-1.49686	1.38768
1	1.63341	0.86165
1	-0.34947	2.01038
1	1.95910	-0.00687
1	-1.38282	1.37688
1	1.99402	0.07758
1	1.48144	1.21280
1	-1.45225	1.45199
1	1.97819	0.04825
1	-1.45153	1.38853
1	-1.36615	1.37408
1	-1.38989	1.41385
1	-1.41829	1.39951
1	-1.40965	1.42471
1	1.90682	0.04568
1	2.00388	0.12280
1	-1.40448	1.40413
1	-1.39603	1.39855
1	-0.38183	2.01910
1	1.95792	0.03818
1	1.76682	0.52308
1	-1.39376	1.42315
1	-1.39906	1.39420
1	1.61897	0.70380
1	1.60175	0.85025
1	1.92002	0.00926
1	0.90817	1.71225
1	0.25349	2.09049
1	-0.52625	1.95983
1	-0.82417	1.77758
1	2.01665	0.09290
1	-1.38412	1.51282
1	-0.06544	2.12185
1	-1.37374	1.43768
1	-0.38283	2.07438
1	-0.99583	1.62180
1	0.36968	2.04828
1	-1.41770	1.41226
1	1.81455	0.12287
1	1.97693	0.04050
1	-1.35669	1.49266
1	-1.46103	1.41459
1	-1.42945	1.46743
1	1.86645	0.01076
1	-0.20302	2.09098
1	1.91281	0.00972
1	0.47545	1.97727
1	-1.43155	1.39110
1	-1.42316	1.43684
1	-0.07556	2.14432
1	2.00437	0.06147
1	-0.77963	1.70781
1	0.24818	2.03837
1	1.97696	0.04979
1	-1.43120	1.46590
1	-1.42947	1.50062
1	-0.17001	2.12712
1	1.88845	0.21451
1	1.98550	0.09678
1	1.95115	0.02489
1	1.03455	1.57341
1	-1.45497	1.46355
1	0.15597	2.16825
1	0.00998	2.17651
1	-0.32715	2.02707
1	-1.41223	1.42321
1	1.99558	0.05535
1	1.99796	0.03629
1	1.72121	0.51539
1	-1.41001	1.49117
1	-1.42295	1.38073
1	0.02173	2.10929
1	2.00260	0.03699
1	-0.27574	2.02888
1	-1.47137	1.44224
1	-0.03540	2.13459
1	-1.38688	1.48132
1	0.63272	1.84483
1	1.98808	0.04581
1	-1.39775	1.45319
1	1.95229	0.04728
1	1.07924	1.66637
1	-0.00443	2.18569
1	0.72592	1.78654
1	1.96767	0.02157
1	0.86410	1.71048
1	0.83844	1.76523
1	1.99980	0.06103
1	0.93051	1.67167
1	0.38840	1.87847
1	-1.41594	1.47639
1	-1.40189	1.40688
1	1.92090	0.03114
1	1.95843	0.05548
1	1.93063	0.04600
1	1.30563	1.53663
1	1.35663	1.41108
1	-1.46714	1.49727
1	1.97640	-0.00229
1	2.01902	0.09728
1	0.20704	2.14881
1	-1.46514	1.46924
1	-0.75291	1.74462
1	1.97869	0.03752
1	1.99737	0.04839
1	1.97797	0.03940
1	2.03271	0.10849
1	1.99966	0.07702
1	1.93315	0.04603
1	-1.41895	1.42990
1	-1.40381	1.44806
1	2.03239	0.03810
1	-0.38642	1.95453
1	1.94730	0.00584
1	1.60985	0.74626
1	0.26378	2.04896
1	-1.43577	1.41973
1	-1.47883	1.46446
1	1.17402	1.56123
1	1.55357	1.09619
1	1.91047	0.04607
1	-0.25756	2.12260
1	-1.18054	1.53019
1	-1.41135	1.45235
1	1.87869	-0.00009
1	1.90882	0.01000
1	1.21594	1.68526
1	-1.26109	1.61309
1	1.47507	1.08533
1	-0.98837	1.68317
1	-0.14132	2.09040
1	0.40845	1.99898
1	1.39480	1.29359
1	1.99656	0.01880
1	1.89859	0.01933
1	1.35380	1.37930
1	-0.43431	1.87266
1	1.90984	0.09343
1	0.14789	2.17248
1	-1.40741	1.42663
1	0.75017	1.76099
1	1.99817	0.04470
1	-1.37157	1.48663
1	0.01858	2.13917
1	-0.58425	1.84826
1	0.01134	2.14788
1	-0.09400	2.13059
1	-1.15591	1.51332
1	1.89319	0.05913
1	-1.38644	1.46219
1	-0.70539	1.81238
1	1.91293	0.02833
1	1.46063	1.19712
1	1.26651	1.49389
1	-1.48299	1.49087
1	-1.50508	1.38192
1	-0.76273	1.87669
1	-1.41815	1.38675
1	2.00359	0.06624
1	1.40299	1.09519
1	-1.43285	1.47523
1	1.99913	0.05176
1	-0.34764	2.00026
1	1.96668	0.02326
1	-0.23029	2.06458
1	-1.39988	1.41638
1	-1.43603	1.40452
1	-1.22735	1.46862
1	-1.45815	1.44233
1	1.41268	1.48849
1	-1.40343	1.48359
1	1.61467	0.90926
1	2.01737	-0.00683
1	-0.47376	1.94470
1	2.00820	0.10420
1	-1.47076	1.32724
1	-1.38201	1.40755
1	1.98078	0.03148
1	0.43278	1.89109
1	-1.43309	1.42635
1	-0.05151	2.06009
1	0.09776	2.14237
1	0.92238	1.61302
1	-1.51577	1.47047
1	0.10752	2.23177
1	1.87248	0.01620
1	0.56441	1.85536
1	-0.30894	2.05523
1	1.93429	0.03118
1	0.13140	2.16357
1	1.38071	1.33300
1	-1.43220	1.41992
1	1.71041	0.46710
1	1.84783	-0.01526
1	-1.44991	1.43247
1	1.88620	-0.00057
1	-1.37756	1.46298
1	0.72855	1.85722
1	-1.39422	1.49673
1	1.99633	0.01708
1	0.09597	2.03101
1	2.05230	0.03455
1	1.97649	0.06043
1	2.00251	0.06654
1	1.96615	0.05880
1	-1.38649	1.44068
1	-1.36551	1.44362
1	1.98423	0.10941
1	1.87264	0.15524
1	2.02136	0.03349
1	1.91932	0.04218
1	2.00262	0.04284
1	1.94350	0.01402
1	1.95502	0.01410
1	1.94056	0.03343
1	-0.15913	2.07490
1	1.97644	0.05019
1	1.97309	0.04345
1	-1.42448	1.39366
1	1.97215	0.03384
1	0.10964	2.08372
1	-0.89461	1.70260
1	0.03806	2.11468
1	-1.41259	1.42317
1	0.01826	2.15911
1	-1.47050	1.42941
1	1.95065	0.06213
1	1.96179	0.06654
1	-1.49555	1.45801
1	-1.36484	1.35967
1	-1.44788	1.43188
1	-1.09370	1.61936
1	-0.80184	1.72464
1	-1.46659	1.46759
1	1.63317	0.67328
1	-1.45558	1.44956
1	0.15807	2.04756
1	-0.87847	1.76368
1	2.00643	0.04850
1	-1.41801	1.40860
1	0.48552	1.90424
1	-0.45354	1.96414
1	1.95889	0.00824
1	-1.45520	1.45881
1	-0.19969	2.08063
1	-1.45295	1.44296
1	1.35263	1.31148
1	-1.46513	1.48296
1	-1.32242	1.42610
1	-1.48408	1.46409
1	-0.33466	1.97254
1	-1.44034	1.41762
1	2.02194	0.03445
1	-1.40669	1.39635
1	-1.47997	1.46112
1	1.05381	1.47216
1	1.65739	0.73015
1	-1.42314	1.46237
1	1.49536	1.19644
1	0.16274	2.12130
1	-0.02050	2.10075
1	0.73428	1.87506
1	-0.13801	2.10377
1	-1.46090	1.41581
1	0.08287	2.02248
1	-1.47683	1.50318
1	-1.40855	1.45694
1	-1.46351	1.44673
1	1.97801	0.03982
1	-1.45697	1.43694
1	-1.44669	1.45792
1	1.89958	-0.02966
1	-1.41658	1.42695
1	0.16255	1.97158
1	-1.47584	1.45259
1	1.79024	0.38747
1	1.99848	0.04264
1	0.15500	1.99089
1	1.88282	-0.00368
1	-1.42444	1.50416
1	-1.37577	1.43744
1	-1.46837	1.46799
1	-0.85637	1.84294
1	1.84526	0.08835
1	1.37994	1.43471
1	-1.50383	1.38627
1	-0.11192	2.05141
1	0.71841	1.93604
1	1.91294	0.02981
1	-1.43846	1.40222
1	-1.41970	1.46934
1	-1.41411	1.46246
1	-1.50559	1.41299
1	0.01737	2.13801
1	0.03676	2.07221
1	2.00798	0.03630
1	0.08088	2.04710
1	0.47119	1.96260
1	-1.41172	1.38790
1	1.96433	-0.00042
1	0.08857	2.08621
1	1.94709	0.05489
1	1.19826	1.54550
1	1.91828	0.01414
1	1.95823	0.03862
1	2.03877	0.07580
1	0.09404	2.02424
1	1.95971	0.04256
1	-1.46331	1.43227
1	-1.37854	1.41240
1	1.20335	1.48053
1	0.51817	1.97717
1	-1.41372	1.39825
1	-0.14299	2.11876
1	1.98708	0.03609
1	1.90892	0.03565
1	1.94901	0.04950
1	1.61049	0.68097
1	-0.19052	2.08663
1	1.99424	0.06327
1	1.93396	0.05907
1	-1.24096	1.56884
1	0.40570	1.95638
1	2.00839	0.07758
1	2.01213	0.05050
1	-0.86285	1.81438
1	-1.41367	1.39988
1	-1.46550	1.46727
1	1.96108	0.04434
1	1.98969	0.01892
1	1.37918	1.33116
1	0.22544	2.09473
1	-1.41084	1.47124
1	1.98686	0.04769
1	-1.47028	1.44810
1	2.02174	0.08126
1	-1.48475	1.48929
1	0.00878	2.09393
1	-1.45625	1.48018
1	-1.46665	1.40830
1	1.47773	1.03093
1	2.01455	0.02451
1	-1.42941	1.45597
1	-0.20643	2.04183
1	-1.44891	1.45810
1	0.94503	1.64497
1	1.32632	1.30329
1	-1.32430	1.55127
1	1.53201	0.89197
1	2.01629	-0.00896
1	-1.46096	1.42668
1	1.97595	0.06573
1	-1.38787	1.48107
1	-1.45936	1.48509
1	-0.31817	2.05733
1	-1.45890	1.47205
1	2.03919	0.03237
1	-1.43542	1.49225
1	-1.44334	1.43695
1	-1.42402	1.39690
1	-1.19611	1.54229
1	1.97834	0.04447
1	1.77740	0.40018
1	0.75138	1.69337
1	-1.43916	1.52536
1	1.85799	0.03513
1	1.97887	0.05680
1	-0.01167	2.09776
1	0.35425	2.05082
1	1.91455	0.02592
1	-0.39911	1.91536
1	1.72762	0.44895
1	1.98754	0.06498
1	-1.42499	1.46824
1	0.06972	2.03096
1	-0.41619	2.00555
1	-1.40543	1.40538
1	1.97818	0.01474
1	-1.34936	1.43320
1	-1.42299	1.46430
1	-0.09711	2.08696
1	0.89185	1.71876
1	0.18238	2.08985
1	1.64979	0.46766
1	1.68792	0.55734
1	0.16603	2.15234
1	0.26337	2.10068
1	2.00919	0.02355
1	-1.02258	1.59750
1	-1.23568	1.57649
1	-1.40164	1.47178
1	-1.45817	1.50221
1	1.30652	1.34371
1	-0.19549	2.06347
1	1.99544	0.02112
1	-0.75051	1.83927
1	-1.39383	1.42145
1	0.15123	2.10960
1	-0.12464	2.10089
1	-1.45446	1.40399
1	-1.46405	1.48923
1	-1.45640	1.44677
1	-1.44319	1.51384
1	-0.26391	2.03154
1	1.90881	0.01697
1	-1.47138	1.43461
1	0.18026	2.16259
1	1.88228	-0.02038
1	-0.23529	2.09130
1	1.31080	1.51044
1	-1.41402	1.39616
1	-1.39845	1.48045
1	1.96176	0.09060
1	1.95604	0.00639
1	-1.42961	1.42522
1	1.92001	0.00865
1	2.04486	0.11338
1	-1.47824	1.46299
1	1.95170	0.03554
1	0.59217	1.88783
1	-1.43104	1.41007
1	-1.38938	1.40599
1	1.99118	0.05698
1	-1.44460	1.43039
1	0.95793	1.75735
1	-1.39868	1.40335
1	-1.41799	1.40029
1	-1.38835	1.40813
1	-1.43966	1.44937
1	1.53737	1.11703
1	-1.49459	1.46412
1	-1.04465	1.64599
1	2.01977	0.05635
1	1.91561	0.02549
1	-0.84551	1.66561
1	2.01825	0.08100
1	-1.41759	1.44655
1	-1.44987	1.49894
1	-0.60217	1.86274
1	1.27436	1.41831
1	1.88109	0.09023
1	1.98780	0.05513
1	1.94338	0.01488
1	0.64004	1.97069
1	-1.43353	1.45619
1	-1.45469	1.37278
1	-0.13564	2.14444
1	-1.42254	1.44786
1	-1.44578	1.40763
1	1.34903	1.17840
1	1.88241	0.02677
1	-1.39136	1.41462
1	2.02770	0.05797
1	1.98248	0.05349
1	2.03756	0.07648
1	1.98074	0.03966
1	-1.40655	1.45247
1	0.66971	1.92680
1	0.05338	2.12444
1	-1.42131	1.37926
1	1.50148	1.13699
1	1.85576	0.10007
1	0.10256	2.04357
1	1.91253	0.04365
1	1.81320	0.39824
1	1.90151	0.02402
1	1.89543	0.04780
1	1.96420	0.02465
1	1.62918	0.68745
1	1.10999	1.62212
1	-0.02640	2.10947
1	1.27057	1.50891
1	-1.45867	1.44535
1	1.94656	0.02030
1	1.17881	1.58849
1	1.97733	0.00852
1	-1.51071	1.47041
1	-0.55729	1.87578
1	-0.23755	2.11289
1	1.55778	0.85388
1	-0.12462	2.09813
1	-1.24026	1.54154
1	-1.41204	1.37978
1	-0.92424	1.66000
1	1.80609	0.23657
1	1.46110	0.94902
1	1.99613	0.02748
1	-1.43470	1.43104
1	1.48742	1.30142
1	0.17083	2.04079
1	2.04425	0.04963
1	-1.44501	1.43592
1	-1.44185	1.43495
1	1.47757	1.08979
1	1.66495	0.06694
1	-0.07623	2.12843
1	-0.14738	2.08070
1	0.65827	1.79109
1	-1.45105	1.44319
1	1.23697	1.48653
1	1.98939	0.05535
1	1.45396	1.25241
1	1.94877	0.06501
1	0.39691	1.97094
1	-1.43683	1.46325
1	-1.41380	1.39411
1	0.40852	2.02789
1	1.90778	0.02131
1	-0.67895	1.74758
1	-1.45565	1.39299
1	1.98875	0.02336
1	0.43061	1.95098
1	1.99417	0.01482
1	-0.72685	1.75776
1	-1.48533	1.48325
1	2.01376	0.08504
1	-0.06497	2.13524
1	2.00606	0.02888
1	-1.42808	1.47219
1	-1.39596	1.41588
1	-1.23193	1.57305
1	1.96338	0.04631
1	-0.85081	1.76116
1	-1.46175	1.44253
1	-1.38818	1.41926
1	1.82620	0.11762
1	-0.48215	1.87950
1	-0.70814	1.73542
1	1.97489	0.05666
1	-1.44519	1.38088
1	-0.98749	1.66453
1	-1.40498	1.43531
1	0.01099	2.06853
1	0.08493	2.13411
1	1.47765	1.15267
1	0.09594	2.04711
1	1.98050	0.06155
1	1.39381	1.30258
1	-0.37300	1.94180
1	-1.50706	1.49841
1	1.99893	0.06114
1	-0.02515	2.14576
1	-1.40968	1.47707
1	1.42890	1.22587
1	0.38693	1.98848
1	-1.48974	1.42971
1	-0.01578	2.19087
1	1.94336	0.04341
1	1.90983	0.05657
1	-1.42457	1.39862
1	-1.44307	1.40049
1	1.94297	0.02694
1	1.99304	0.13598
1	0.07980	2.04952
1	-1.48248	1.41443
1	-1.47967	1.38810
1	-1.44154	1.44425
1	1.69929	0.35169
1	-1.37021	1.40055
1	-1.45289	1.47491
1	1.72847	0.68202
1	-1.08624	1.67864
1	-0.93245	1.64616
1	1.45977	1.17270
1	-0.22626	1.99044
1	1.92756	0.01565
1	1.53312	0.87596
1	-1.41588	1.43965
1	-0.99226	1.56266
1	0.56581	1.88560
1	-1.40392	1.36491
1	-0.98693	1.69546
1	-1.40469	1.49008
1	0.07728	2.09080
1	-1.45121	1.45746
1	1.93480	0.02034
1	1.96159	0.05148
1	-1.49459	1.45131
1	1.92768	0.01693
1	1.99223	0.02776
1	-1.42019	1.37934
1	-1.45371	1.41705
1	-1.43569	1.47189
1	1.92626	0.03831
1	1.91860	0.03332
1	-0.11210	2.06186
1	1.31377	1.48909
1	1.97831	0.06959
1	1.49015	1.18773
1	1.05676	1.64451
1	-1.42042	1.45131
1	0.00381	2.09307
1	-1.46510	1.37463
1	-1.42121	1.45847
1	1.95231	0.08021
1	1.42092	1.07628
1	0.14748	2.15653
1	1.48130	1.25718
1	1.97185	0.04500
1	1.95681	0.07630
1	2.00276	0.09451
1	2.02122	0.07367
1	-1.41473	1.35619
1	-1.46609	1.48085
1	-1.42217	1.38397
1	0.92887	1.72499
1	-0.78071	1.80768
1	-1.44498	1.45144
1	-1.42109	1.44569
1	1.92949	0.02519
1	-0.17383	2.07827
1	1.68515	0.57756
1	-1.45149	1.35319
1	-1.30333	1.35502
1	-0.06467	2.07712
1	1.99054	0.03432
1	1.91465	0.03588
1	-1.38057	1.45990
1	2.02821	0.04825
1	0.53757	1.98623
1	0.29321	2.08226
1	1.96000	0.05730
1	-1.48168	1.39921
1	2.01741	0.02973
1	-0.09972	2.04451
1	1.53565	1.01227
1	1.63400	0.71832
1	-1.48186	1.46429
1	1.91007	0.07753
1	-0.98074	1.66329
1	1.99286	-0.00190
1	1.96640	0.03433
1	-1.48608	1.46400
1	0.05022	2.13369
1	-1.35695	1.41083
1	-0.30170	2.16631
1	-0.85984	1.72260
1	1.96011	0.01856
1	1.93974	0.01205
1	1.29415	1.55072
1	-1.42424	1.46224
1	-1.40884	1.42524
1	1.98727	0.02717
1	2.01197	0.06750
1	1.90742	0.05989
1	0.43777	1.98917
1	0.69192	1.83577
1	-0.08378	2.00278
1	1.64262	0.48169
1	1.93287	0.02795
1	-1.44493	1.46160
1	-1.45299	1.43174
1	1.98583	0.05917
1	1.32993	1.29438
1	0.84156	1.78101
1	-0.78096	1.77844
1	1.70661	0.35275
1	1.43233	1.17096
1	-0.51680	1.99104
1	0.23053	1.98632
1	2.03278	0.03415
1	-1.41680	1.41839
1	1.92308	0.09967
1	-1.38369	1.39459
1	-1.39796	1.44855
1	0.36701	2.04811
1	1.92152	-0.00017
1	1.96674	0.01853
1	-1.45146	1.39656
1	1.93934	0.03370
1	-0.78798	1.84130
1	1.98745	0.02346
1	1.90233	0.00068
1	1.94523	0.04963
1	1.38140	1.32301
1	-0.66458	1.81726
1	1.99132	0.04037
1	-1.41624	1.38603
1	-0.58043	1.93515
1	-1.36237	1.45085
1	-0.08307	2.09077
1	0.34913	1.96176
1	1.94252	0.01406
1	-1.47618	1.44849
1	-1.40968	1.45113
1	-0.17925	2.15216
1	-1.39357	1.39179
1	1.80716	0.17599
1	0.08129	2.03486
1	1.93844	0.07232
1	-1.47861	1.41812
1	1.88929	-0.00521
1	-0.51446	1.88559
1	1.95807	-0.00062
1	-1.40167	1.47755
1	2.02510	0.08562
1	-1.41369	1.39541
1	0.76054	1.84931
1	1.91219	-0.00199
1	1.99527	0.02649
1	-0.14581	2.16526
1	1.29066	1.52578
1	1.97216	0.02693
1	-1.43241	1.40893
1	-1.44924	1.42541
1	-0.16470	2.12179
1	-1.48146	1.40731
1	-1.45588	1.49852
1	0.59654	1.90083
1	-1.50999	1.50144
1	1.92606	0.01920
1	-1.51033	1.46561
1	0.34024	2.13613
1	-1.21536	1.50262
1	1.90294	0.07032
1	0.87122	1.75019
1	-0.95897	1.61875
1	0.98197	1.75906
1	1.43733	1.07390
1	-1.40723	1.39204
1	1.97178	0.06821
1	-1.48575	1.41618
1	-0.02882	2.01601
1	-0.91307	1.71629
1	-1.41767	1.44511
1	0.03961	2.08536
1	1.94033	0.05015
1	1.95205	0.02735
1	1.97972	0.08474
1	-0.15390	2.10018
1	1.93310	0.07430
1	-1.39529	1.45250
1	-1.42701	1.45284
1	-0.07353	2.07892
1	1.97193	0.02478
1	-0.46315	1.99127
1	-1.43366	1.40993
1	-1.48586	1.39210
1	-1.35275	1.45631
1	-0.67901	1.84624
1	-1.38501	1.38345
1	-0.89206	1.66628
1	-1.43011	1.42964
1	0.11423	2.17783
1	1.99217	0.01193
1	1.28786	1.28220
1	-1.43094	1.48260
1	0.19461	2.12551
1	-1.43270	1.42577
1	0.05153	2.13161
1	1.99607	0.06556
1	-0.89228	1.65842
1	1.94042	0.07052
1	-0.44101	2.03260
1	-1.43320	1.39958
1	-0.18527	2.11285
1	-1.49162	1.47822
1	1.94070	0.02443
1	1.18210	1.66408
1	-1.47259	1.47142
1	-1.41337	1.46902
1	1.92904	0.02382
1	1.28266	1.54295
1	-1.38782	1.51917
1	1.62416	0.71805
1	2.03121	0.06002
1	-0.05412	2.12217
1	1.94330	-0.00747
1	2.01371	0.10033
1	-1.45507	1.46441
1	-0.72932	1.80575
1	1.65978	0.58254
1	-0.19696	2.09530
1	1.26453	1.36149
1	0.89571	1.76884
1	1.94425	0.04347
1	1.87566	0.02195
1	-1.47352	1.60540
1	1.96170	0.03169
1	1.67254	0.52715
1	-1.42655	1.45709
1	-1.41640	1.44198
1	1.39700	1.33091
1	1.65278	0.66304
1	1.99186	0.07645
1	-1.32271	1.40171
1	1.93941	0.03344
1	-1.24366	1.55233
1	1.03471	1.55188
1	0.07441	2.12662
1	1.94561	0.03088
1	-1.32145	1.41906
1	1.66589	0.65187
1	-0.43269	1.98937
1	1.91451	0.01846
1	1.62956	0.65801
1	0.70126	1.88277
1	-0.29640	2.07672
1	0.97720	1.72652
1	-1.52278	1.49526
1	-0.52361	2.04374
1	1.97602	0.04548
1	1.90807	0.02987
1	-1.31611	1.53388
1	-0.41519	1.94559
1	1.97974	0.08591
1	1.85265	0.12471
1	1.99562	0.07374
1	-1.39552	1.44511
1	1.03047	1.69553
1	-0.91772	1.68278
1	-1.43002	1.40050
1	1.98435	0.04466
1	-1.30365	1.54895
1	-1.48256	1.38996
1	2.00134	0.04417
1	-0.76226	1.76676
1	-0.61401	1.85832
1	1.96585	0.02510
1	-0.66540	1.91759
1	-1.40772	1.45809
1	1.52181	0.88262
1	-1.49315	1.52562
1	-1.43082	1.40245
1	1.93289	0.00173
1	1.02905	1.64846
1	-1.39832	1.43789
1	1.98326	0.03532
1	0.13104	2.08629
1	1.87100	0.05000
1	-1.43367	1.41835
1	-0.55101	1.92684
1	0.26974	2.11448
1	0.18190	2.11019
1	1.95875	0.05026
1	1.36102	1.35567
1	0.83896	1.78328
1	1.22033	1.57126
1	-1.38495	1.41741
1	-0.00316	2.11951
1	2.00035	0.08032
1	2.00082	0.03532
1	1.95500	0.06945
1	-0.19853	2.16210
1	-1.32282	1.42428
1	-0.31384	2.07105
1	-1.38436	1.43053
1	-1.17539	1.39498
1	0.86320	1.67815
1	2.00779	0.11166
1	1.21547	1.58731
1	1.98360	0.03146
1	-1.49698	1.49944
1	1.96196	0.00673
1	-1.40497	1.44313
1	-1.34391	1.47477
1	1.99070	0.08402
1	1.96516	0.07362
1	-0.43483	1.98480
1	1.94337	0.09213
1	1.98116	0.04510
1	-0.12565	2.11085
1	-0.04185	2.16504
1	1.44578	1.13130
1	-1.38006	1.44535
1	-1.11915	1.59612
1	-1.41183	1.38993
1	1.97258	0.04013
1	1.96154	0.03763
1	1.94146	0.05120
1	-0.87667	1.74619
1	1.11545	1.60840
1	0.07379	2.15068
1	1.78042	0.33667
1	0.12060	2.13837
1	0.29104	2.12822
1	1.89727	0.00396
1	-0.02044	2.11713
1	-1.42863	1.43786
1	1.14296	1.60655
1	-1.26921	1.50299
1	1.48175	1.20570
1	1.71694	0.24370
1	-0.49014	1.96422
1	-0.05813	2.03232
1	2.00982	0.08735
1	-0.09454	2.07143
1	1.19291	1.45481
1	-0.69031	1.81042
1	1.91343	0.02784
1	1.60529	0.76303
1	1.88262	0.08771
1	1.75547	0.38312
1	1.93472	-0.00095
1	-0.46518	1.98126
1	1.89854	0.04976
1	-1.42556	1.45761
1	0.04068	2.16322
1	1.95092	0.06105
1	-0.04661	2.08509
1	1.74455	0.32874
1	0.07731	2.07422
1	-1.43624	1.51008
1	-1.37192	1.48840
1	-1.48625	1.44188
1	-1.43404	1.47646
1	-1.45754	1.39986
1	1.85522	0.15895
1	-1.46064	1.39324
1	0.34471	1.88033
1	-1.42718	1.42266
1	1.39416	1.25334
1	-1.47200	1.40464
1	1.93947	0.03696
1	1.95982	0.03987
1	1.95429	0.03834
1	-0.19829	2.05692
1	1.88701	0.01631
1	-0.29567	2.07095
1	1.99097	0.04201
1	-1.41286	1.39505
1	-1.41344	1.46897
1	-1.11974	1.58292
1	1.32159	1.43383
1	-1.48926	1.45692
1	1.97958	0.05235
1	1.77661	0.33124
1	1.63384	0.38790
1	-1.44999	1.45738
1	1.15418	1.65242
1	1.62031	0.84979
1	0.91168	1.66829
1	-1.43122	1.44442
1	1.81259	0.16243
1	1.51013	0.94179
1	1.92043	0.00447
1	-1.22026	1.54324
1	-1.44287	1.51679
1	1.93757	0.04408
1	-1.40642	1.42363
1	-0.55842	1.96802
1	1.82762	0.11449
1	0.27431	2.07185
1	-1.40840	1.47160
1	-1.45920	1.42751
1	-1.32549	1.51889
1	1.93902	0.02868
1	0.61475	1.87399
1	-0.59152	1.94369
1	1.32200	1.47568
1	1.92335	0.01861
1	0.65379	1.72481
1	-1.43897	1.49013
1	-1.40888	1.45412
1	0.81905	1.72050
1	2.04363	0.05683
1	-1.46721	1.37017
1	2.01875	0.05192
1	1.41485	1.18800
1	-1.40703	1.43125
1	-1.52687	1.48845
1	-1.02353	1.61558
1	-1.13443	1.51073
1	1.92123	0.01362
1	-1.43841	1.42254
1	-0.12412	2.13368
1	1.99419	0.05448
1	0.79515	1.71052
1	1.92908	0.02279
1	1.00707	1.70052
1	1.99130	0.04225
1	1.94764	0.06126
1	1.44035	1.33521
1	1.07683	1.64153
1	1.88182	-0.04277
1	1.11816	1.55456
1	1.99691	0.09107
1	-1.39619	1.37645
1	1.98861	0.04309
1	0.19822	2.10742
1	0.72847	1.76676
1	1.45131	1.11061
1	1.66457	0.50199
1	0.21636	2.05079
1	1.99069	0.06136
1	1.26620	1.45284
1	-0.13924	2.06362
1	1.93929	0.05440
1	1.73751	0.41922
1	-1.27251	1.47042
1	2.01684	0.02493
1	1.95536	0.05148
1	1.91677	0.03056
1	-1.40572	1.44476
1	2.05530	0.10325
1	-1.31828	1.43700
1	-0.35399	2.04941
1	2.00056	0.02853
1	-1.45317	1.40918
1	-0.01091	2.09752
1	1.91182	0.00976
1	-1.42450	1.45721
1	-0.26311	2.09589
1	0.45902	1.93749
1	-0.20257	2.03621
1	1.20615	1.59110
1	-0.79138	1.86480
1	1.23499	1.46519
1	1.33254	1.21676
1	-1.45538	1.45418
1	-0.16171	2.06069
1	2.00625	0.05050
1	1.11808	1.61082
1	2.04026	0.05418
1	-1.42924	1.44388
1	1.93056	-0.01397
1	1.07944	1.63317
1	-0.01704	2.09826
1	-1.43747	1.44262
1	-1.48646	1.47385
1	-0.13003	2.05091
1	1.96375	0.02374
1	1.87551	0.02472
1	-1.41791	1.47075
1	2.00749	0.05590
1	0.60197	1.91121
1	1.99799	0.06508
1	-1.43568	1.44919
1	1.61836	0.67682
1	1.98234	0.02180
1	-1.40910	1.44082
1	-1.48289	1.41975
1	-1.37253	1.37505
1	-1.36931	1.43767
1	-1.43951	1.46255
1	-0.84928	1.76400
1	1.97031	0.04418
1	-1.46627	1.44882
1	-1.42064	1.36249
1	0.05525	2.09951
1	-1.27216	1.52461
1	0.91963	1.58583
1	1.46906	1.15713
1	0.33905	2.00776
1	-1.49957	1.40990
1	-1.42623	1.48171
1	1.92824	0.03767
1	1.89499	0.03543
1	-1.42152	1.43758
1	-1.53937	1.43974
1	-1.45854	1.46385
1	-1.16769	1.59897
1	1.61833	0.73786
1	-1.44156	1.42212
1	-1.51224	1.41434
1	-1.40467	1.35694
1	-0.90186	1.69558
1	1.46633	1.07645
1	1.99181	0.06811
1	0.28023	2.07207
1	1.40190	1.33282
1	-1.51689	1.45585
1	-1.39428	1.42677
1	-1.41661	1.51175
1	-1.37122	1.38394
1	-1.47104	1.47485
1	-0.60930	1.85254
1	-1.29115	1.54760
1	1.97114	0.04339
1	2.00832	0.08784
1	1.34447	1.34631
1	1.93204	0.04213
1	-0.66196	1.84976
1	1.71366	0.41828
1	-1.39301	1.38000
1	-1.48102	1.43335
1	-0.75612	1.76082
